Series Name,Series Code,Country Name,Country Code,2020 [YR2020]
"Life expectancy at birth, total (years)",SP.DYN.LE00.IN,United States,USA,77.2804878048781
"Life expectancy at birth, total (years)",SP.DYN.LE00.IN,Thailand,THA,77.344
"Life expectancy at birth, total (years)",SP.DYN.LE00.IN,Sweden,SWE,82.4073170731707
"Life expectancy at birth, total (years)",SP.DYN.LE00.IN,Spain,ESP,82.3341463414634
"Life expectancy at birth, total (years)",SP.DYN.LE00.IN,Morocco,MAR,76.901
"Life expectancy at birth, total (years)",SP.DYN.LE00.IN,New Zealand,NZL,82.0560975609756
,,,,
,,,,
,,,,
Data from database: World Development Indicators,,,,
Last Updated: 09/16/2022,,,,
