Series Name,Series Code,Country Name,Country Code,2002 [YR2002],2003 [YR2003],2004 [YR2004],2005 [YR2005],2006 [YR2006],2007 [YR2007],2008 [YR2008],2009 [YR2009],2010 [YR2010],2011 [YR2011],2012 [YR2012],2013 [YR2013],2014 [YR2014],2015 [YR2015],2016 [YR2016],2017 [YR2017],2018 [YR2018],2019 [YR2019],2020 [YR2020],2021 [YR2021]
GDP per capita (constant LCU),NY.GDP.PCAP.KN,Afghanistan,AFG,19990.40847,20763.7135,20166.71455,21620.32472,22107.4978,24544.36023,24935.65022,29552.59041,32881.42096,31999.84998,34871.79343,35560.22041,35323.64145,34750.38919,34562.24496,34584.62892,34171.37705,34696.12525,33108.76647,..
GDP per capita (constant LCU),NY.GDP.PCAP.KN,Albania,ALB,267374.6484,283214.4882,300084.3563,318293.1223,339214.2841,362237.5341,392405.0687,408309.7949,425553.0599,437560.6457,444495.4254,449772.6278,458702.36,470247.1051,486613.0832,505579.9989,527200.2461,540506.22,524691.9758,574825.6399
GDP per capita (constant LCU),NY.GDP.PCAP.KN,Algeria,DZA,356358.61,377173.1783,388241.4822,405472.64,406343.5634,413691.2815,416745.128,416183.8478,423453.7084,427604.444,433598.3788,436901.095,444374.0912,451486.2705,456473.2531,453047.619,448928.3026,444732.8167,414371.0691,422931.3725
GDP per capita (constant LCU),NY.GDP.PCAP.KN,American Samoa,ASM,12272.11944,12303.55492,12314.85825,12290.74668,11876.36401,12250.07282,12106.4533,11768.85752,11928.53577,11998.92386,11496.5241,11199.45439,11381.76408,11737.0892,11553.84919,10770.08828,11088.87326,11064.5068,11522.36535,..
GDP per capita (constant LCU),NY.GDP.PCAP.KN,Andorra,AND,32138.96185,33438.09784,34702.68852,35360.39863,36088.89438,35901.64728,33429.5254,31431.54829,30813.34217,31070.59273,29998.18021,29527.54736,30861.97973,31794.26359,33271.49233,33515.85127,34043.476,34667.51355,30742.89782,33455.67133
GDP per capita (constant LCU),NY.GDP.PCAP.KN,Angola,AGO,37979.85755,37815.90273,40532.71027,45004.20993,48417.57817,53206.09191,56994.66834,55394.62338,55992.82435,55868.10101,58496.36472,59249.56847,59970.83915,58488.24718,55086.48911,53206.56386,50813.89297,48848.12748,44699.41395,43596.49902
GDP per capita (constant LCU),NY.GDP.PCAP.KN,Antigua and Barbuda,ATG,29650.18264,31050.16959,32417.38957,34043.60315,37788.67195,40662.86639,40007.14336,34673.46068,31487.67466,30448.96359,31073.14699,30514.15146,31312.41762,32159.64348,33586.64833,34314.17343,36349.78501,37790.24867,29909.1169,31230.45134
GDP per capita (constant LCU),NY.GDP.PCAP.KN,Argentina,ARG,10849.07865,11681.91186,12603.02331,13577.17261,14521.53741,15672.25466,16147.04572,15040.29086,16439.0564,17226.27072,16856.71822,17070.0712,16459.20496,16727.43474,16207.20083,16492.0664,15898.08653,15422.03615,13761.83735,15031.22311
GDP per capita (constant LCU),NY.GDP.PCAP.KN,Armenia,ARM,722927.2766,828516.7448,920765.6993,1055595.333,1204208.455,1381177.344,1489173.509,1287846.322,1321110.071,1383576.351,1479232.65,1521005.088,1567748.292,1610640.6,1608042.156,1723572.305,1808927.584,1942466.187,1795381.471,1894589.161
GDP per capita (constant LCU),NY.GDP.PCAP.KN,Aruba,ABW,47898.77042,47425.16698,49987.84736,49156.23625,49320.6387,50649.04274,51508.45485,45450.06506,44115.4773,45428.71142,44732.60859,47331.94397,47043.63244,48447.84788,49225.1943,51679.46394,52094.55246,50785.43881,39282.16848,..
GDP per capita (constant LCU),NY.GDP.PCAP.KN,Australia,AUS,62612.23119,63767.90615,65683.69486,66871.11421,67688.6544,69802.08954,70864.45607,70714.78953,71135.79266,71886.80728,73410.01471,74033.57185,74806.84484,75339.66143,76205.57592,76653.02542,77651.69224,78095.16338,77096.69619,78094.21531
GDP per capita (constant LCU),NY.GDP.PCAP.KN,Austria,AUT,35724.22001,35885.31714,36638.80515,37206.66168,38301.80921,39600.90348,40053.66343,38444.97211,39057.23794,40063.52749,40152.64904,39926.87112,39878.01234,39833.53233,40189.03431,40812.25534,41629.95032,42063.27985,39067.98399,40640.13973
GDP per capita (constant LCU),NY.GDP.PCAP.KN,Azerbaijan,AZE,994.5692521,1087.824644,1178.130825,1492.22162,1985.109699,2453.410684,2660.906669,2848.516621,2956.945151,2921.58473,2945.444849,3076.517737,3121.925199,3118.705827,2988.43213,2965.169692,2983.686767,3032.495421,2882.304968,3028.087042
GDP per capita (constant LCU),NY.GDP.PCAP.KN,"Bahamas, The",BHS,33004.28724,32018.08874,31716.28101,32191.97902,32385.69081,32235.38548,30909.85801,29117.56293,29121.02464,28921.00016,29485.91923,28362.30329,28616.33727,28625.46766,28100.38024,28667.26566,28897.9994,29154.80916,21996.9078,24783.78188
GDP per capita (constant LCU),NY.GDP.PCAP.KN,Bahrain,BHR,8265.2692,8294.135928,8326.352118,8296.959929,8195.118439,8210.862959,8107.531994,7819.37852,7791.498504,7714.225136,7867.697174,8198.724135,8420.647674,8404.850957,8374.623806,8334.804699,8102.084629,7915.894572,7257.977072,7221.254079
GDP per capita (constant LCU),NY.GDP.PCAP.KN,Bangladesh,BGD,68286.51926,70295.40629,72793.25419,76408.05118,80415.30279,85041.92263,89129.18728,92586.06341,96651.48309,101729.1143,107120.0049,112256.6192,117707.5273,124024.7327,131400.0846,138561.3593,147144.768,157117.1989,160912.923,170407.9891
GDP per capita (constant LCU),NY.GDP.PCAP.KN,Barbados,BRB,30429.04218,30988.1129,31316.86301,32433.41054,34272.71411,34830.88316,34897.94068,33009.95152,32112.23523,31794.90645,31577.99753,31055.69264,30970.74587,31680.69806,32429.64489,32528.56364,32148.28789,31909.6809,27414.84654,27766.0931
GDP per capita (constant LCU),NY.GDP.PCAP.KN,Belarus,BLR,3997.369401,4308.961065,4835.198033,5325.959376,5894.536792,6430.907808,7111.381777,7143.148732,7717.035596,8151.18685,8301.700167,8388.22409,8528.247031,8190.762869,7976.827203,8187.798929,8463.727058,8599.55449,8558.324254,8810.089254
GDP per capita (constant LCU),NY.GDP.PCAP.KN,Belgium,BEL,32801.09864,33003.11397,34034.10779,34633.26315,35283.73928,36313.43817,36188.71868,35173.29192,35851.70178,35987.95064,36029.84154,36025.1042,36431.68199,36960.63116,37239.78332,37697.41044,38218.15317,38814.7947,36434.5824,38564.03612
GDP per capita (constant LCU),NY.GDP.PCAP.KN,Belize,BLZ,7001.109049,7454.68177,7601.368456,7569.116061,7709.258662,7598.543295,7609.623821,7442.436955,7503.760098,7444.675929,7450.273816,7345.815966,7507.513456,7563.046165,7396.328437,7405.49531,7412.986104,7417.68306,6062.305562,6533.716953
GDP per capita (constant LCU),NY.GDP.PCAP.KN,Benin,BEN,555538.9698,557464.5013,564923.0071,557884.6895,563324.9697,580248.1197,591715.1082,588666.0645,584478.2631,585162.0402,596394.4409,621689.7957,643072.7651,636614.8063,639957.8664,657910.486,683034.6621,710377.1484,718120.9592,745361.0512
GDP per capita (constant LCU),NY.GDP.PCAP.KN,Bermuda,BMU,106712.9737,109632.9301,111447.4333,112582.0572,118143.9177,121409.1974,118441.0093,111158.5106,109228.3951,106052.1963,100063.1501,99471.6389,95588.65793,96183.79141,96562.62974,101116.622,100608.1073,100927.2895,94036.76459,95817.87151
GDP per capita (constant LCU),NY.GDP.PCAP.KN,Bhutan,BTN,37238.59567,39396.28584,41046.38523,43363.13769,45787.23585,53585.36111,55593.76737,58757.67821,65088.52972,69494.06488,72188.38796,72820.62486,76082.49461,80151.58287,85627.83322,88546.55328,90183.32547,94286.42985,83849.83774,..
GDP per capita (constant LCU),NY.GDP.PCAP.KN,Bolivia,BOL,2664.784448,2686.94145,2748.6979,2819.474777,2903.417676,2984.172424,3114.535846,3165.899609,3242.808902,3356.666325,3472.594108,3650.654611,3790.976636,3915.422984,4022.391415,4130.841332,4244.528844,4278.337194,3851.007198,4030.923171
GDP per capita (constant LCU),NY.GDP.PCAP.KN,Bosnia and Herzegovina,BIH,5387.451791,5591.642237,5942.145915,6171.856028,6505.845029,6891.716016,7283.400382,7099.208902,7219.540637,7377.017147,7430.45161,7738.95768,7964.248073,8336.551689,8708.583381,9077.871718,9495.601521,9832.252518,9584.155554,10319.43653
GDP per capita (constant LCU),NY.GDP.PCAP.KN,Botswana,BWA,52986.99007,54487.1806,54974.28227,56407.55793,59899.05028,63489.1459,66039.55313,59804.08463,63827.30041,66737.34518,68885.98863,75844.69974,78005.80192,72432.56523,76122.18017,77548.61964,78882.79275,79767.96488,71323.40403,77917.31324
GDP per capita (constant LCU),NY.GDP.PCAP.KN,Brazil,BRA,15753.34932,15733.98314,16441.55249,16774.70836,17250.23083,18108.37839,18842.56641,18638.7007,19854.75851,20455.64331,20663.17417,21098.93692,21024.56672,20109.68795,19291.34211,19389.40733,19581.16082,19671.80273,18774.48083,19510.12818
GDP per capita (constant LCU),NY.GDP.PCAP.KN,British Virgin Islands,VGB,..,..,..,..,..,..,..,..,..,..,..,..,..,..,..,..,..,..,..,..
GDP per capita (constant LCU),NY.GDP.PCAP.KN,Brunei Darussalam,BRN,50233.82894,50738.91139,50123.82468,49535.54224,50994.68322,50432.65301,48874.24766,47451.06277,48091.52056,49252.32482,49040.46898,47354.93826,45562.78131,44822.21593,43203.73114,43294.04614,42864.36964,44077.29843,44150.31624,43043.08985
GDP per capita (constant LCU),NY.GDP.PCAP.KN,Bulgaria,BGR,7516.548914,7973.108784,8556.533486,9229.547647,9932.548413,10665.37351,11397.39042,11095.74242,11341.22807,11654.02048,11810.20966,11809.92345,11992.07828,12482.5672,12952.54441,13407.89607,13867.61593,14529.44818,13975.65595,14633.17116
GDP per capita (constant LCU),NY.GDP.PCAP.KN,Burkina Faso,BFA,273296.8307,286203.8464,290394.1265,306346.9057,315917.9436,319147.9102,327597.5692,327245.5341,344330.9963,356251.8418,368040.9367,377921.9821,382767.4236,386254.7249,397508.8958,410139.1875,424869.8893,436443.6515,432484.407,449581.5729
GDP per capita (constant LCU),NY.GDP.PCAP.KN,Burundi,BDI,172491.8026,165324.5803,167907.9061,164055.3238,167413.3954,167588.9246,170029.943,170804.8229,173804.5643,175105.4685,177203.2514,180193.3261,182034.2261,169498.6182,163213.0732,158893.1713,156418.3447,154347.7441,150161.7951,148309.5237
GDP per capita (constant LCU),NY.GDP.PCAP.KN,Cabo Verde,CPV,180401.099,185023.7253,200901.7062,211813.2072,225732.0186,256750.5737,270534.8748,263903.1843,264525.3227,271598.2089,271068.2999,269774.2778,268000.2435,267364.0445,276572.4189,283418.0549,292846.8109,305971.7076,257900.4973,272928.2717
GDP per capita (constant LCU),NY.GDP.PCAP.KN,Cambodia,KHM,1284419.131,1369989.239,1487323.415,1658141.89,1808892.921,1964153.138,2064812.606,2035843.306,2124293.22,2238619.185,2363485.976,2495840.88,2630659.912,2769140.2,2915146.135,3071748.416,3252348.357,3431774.181,3279294.385,3333187.908
GDP per capita (constant LCU),NY.GDP.PCAP.KN,Cameroon,CMR,680813.5887,698997.7197,728393.1139,724716.8662,732085.8508,743109.5699,743533.6482,742005.5071,742822.6387,747165.1292,760666.802,777248.809,799804.605,822765.2984,837503.3942,844586.3339,855355.3479,862500.4198,844884.2397,852554.3485
GDP per capita (constant LCU),NY.GDP.PCAP.KN,Canada,CAN,44777.71552,46067.1211,47425.63971,49326.87569,50865.22954,53833.61924,53790.39362,51622.41492,52628.86007,53756.33288,54112.87068,54791.23711,55799.9581,55750.13666,55674.40421,56682.82295,57439.85849,57685.0795,54039.83106,56196.97199
GDP per capita (constant LCU),NY.GDP.PCAP.KN,Cayman Islands,CYM,..,..,..,..,76114.70035,76192.39938,73727.16881,66580.64057,63228.44366,62635.81693,62238.24902,62014.2853,62703.18021,63567.61909,64742.91909,65942.19566,67909.69072,69697.0733,64963.32675,..
GDP per capita (constant LCU),NY.GDP.PCAP.KN,Central African Republic,CAF,183359.9018,169929.8024,176537.2866,174677.9649,179470.2622,184164.9031,184633.2916,197518.3182,204349.9025,211385.6778,221179.0116,140322.7783,139926.0915,145052.5698,150452.5548,155267.7173,158721.9201,160924.664,159529.3027,158013.2799
GDP per capita (constant LCU),NY.GDP.PCAP.KN,Chad,TCD,216104.9931,238538.5645,306941.8832,347234.9685,337438.0099,336851.4628,335787.7127,338551.1517,371817.2506,359816.9551,378792.1358,387188.4907,400480.9214,398515.6656,362023.8162,340560.3179,338261.8051,338971.02,323821.2382,310683.9291
GDP per capita (constant LCU),NY.GDP.PCAP.KN,Channel Islands,CHI,35218.24441,33981.68988,33910.54657,34161.96777,35519.56418,37214.50557,..,..,..,..,..,..,..,..,..,..,..,..,..,..
GDP per capita (constant LCU),NY.GDP.PCAP.KN,Chile,CHL,6489770.114,6725445.007,7100257.614,7436809.667,7803890.677,8119982.032,8337869.223,8157775.229,8545892.691,8987678.164,9449454.866,9667005.048,9736429.496,9829503.67,9870148.269,9862592.588,10114431.55,10072508.73,9389018.233,10432077.46
GDP per capita (constant LCU),NY.GDP.PCAP.KN,China,CHN,15929.24188,17419.38688,19067.5324,21115.64759,23669.22719,26896.72052,29341.70775,31940.19404,35167.05838,38315.8521,41049.50567,43943.79718,46910.3376,49922.32676,53036.58906,56378.8823,59903.52119,63243.33231,64506.06071,69675.15407
GDP per capita (constant LCU),NY.GDP.PCAP.KN,Colombia,COL,10977026.47,11239809.86,11672633.06,12072224.9,12718137.52,13408558.77,13686891.5,13689726.5,14155523.98,14993140.91,15440127.35,16086269.18,16640987.32,16933516.53,17052167.75,17024302.92,17196734.6,17505636.68,16098026.2,17665552.57
GDP per capita (constant LCU),NY.GDP.PCAP.KN,Comoros,COM,452962.3516,451601.7304,449468.379,451343.552,452343.21,445162.5874,451824.1034,455364.2134,461299.0045,468934.6351,472238.706,481590.1044,480158.1875,474394.4901,478957.3724,486057.4304,492605.8902,490340.1962,478387.5028,479224.9956
GDP per capita (constant LCU),NY.GDP.PCAP.KN,"Congo, Dem. Rep.",COD,95056.45226,97326.0255,100667.4257,103494.9799,105549.209,108557.2154,111579.2849,111020.7526,115016.2104,118888.1316,123134.5589,129202.1004,136819.707,141529.8596,140245.1596,140808.207,144273.6276,145875.295,143815.4614,147395.1213
GDP per capita (constant LCU),NY.GDP.PCAP.KN,"Congo, Rep.",COG,942252.8455,922998.8508,926914.6008,967840.6746,1010986.229,912216.436,937021.092,1012272.862,1079387.464,1072798.227,1149343.357,1113368.934,1159504.107,1090900.358,948860.4445,884250.4834,820305.3972,798854.802,730335.8542,687466.2599
GDP per capita (constant LCU),NY.GDP.PCAP.KN,Costa Rica,CRI,4451553.263,4573331.392,4706618.43,4824871.196,5106972.599,5452232.183,5635721.533,5515297.108,5739042.105,5919687.81,6135990.773,6217310.429,6366010.412,6527158.536,6730042.646,6938173.68,7049194.177,7150785.315,6798412.69,7249747.361
GDP per capita (constant LCU),NY.GDP.PCAP.KN,Cote d'Ivoire,CIV,992884.7936,926178.7571,935954.3599,925499.6377,931242.881,921053.611,943724.7723,955621.6986,997502.1465,921680.5338,968045.7833,1045980.53,1115713.963,1166192.087,1218614.57,1275388.599,1328911.83,1376190.294,1367941.723,1427445.377
GDP per capita (constant LCU),NY.GDP.PCAP.KN,Croatia,HRV,68322.72967,72077.68393,75047.48542,78183.12194,82024.78619,86073.31655,87715.20715,81413.51101,80577.83239,80787.59469,79190.78783,79123.29127,79171.40998,81842.72683,85327.60351,89306.57956,92721.24105,96482.92253,89052.98838,102108.6937
GDP per capita (constant LCU),NY.GDP.PCAP.KN,Cuba,CUB,2670.124747,2764.109773,2918.10873,3241.753107,3633.009897,3900.350516,4066.032006,4128.813862,4227.837703,4342.122324,4464.910716,4577.175614,4615.231271,4812.456793,4832.772656,4918.400724,5029.481892,5023.25675,4476.005896,..
GDP per capita (constant LCU),NY.GDP.PCAP.KN,Curacao,CUW,37677.5608,37014.93174,36457.73139,35780.18666,35443.50863,35608.73667,35932.8986,35510.00514,35092.31186,34809.15727,34498.71519,33832.95413,32979.05083,32641.41431,32015.184,31360.2412,30842.25401,30161.0232,24995.74585,..
GDP per capita (constant LCU),NY.GDP.PCAP.KN,Cyprus,CYP,21227.16797,21520.87109,22302.25195,23050.21875,23737.41406,24422.02734,24684.94531,23546.80859,23401.13086,22903.19531,21779.37305,20399.51953,20247.98828,21052.51758,22308.80273,23395.79492,24427.875,25371.89844,23835.5957,24925.5293
GDP per capita (constant LCU),NY.GDP.PCAP.KN,Czech Republic,CZE,318795.3103,330314.4654,346111.3114,368450.2414,392319.1982,411762.8724,419332.0631,397531.0649,406025.8287,412319.9996,408511.2577,408188.3177,416982.737,438588.2916,448853.6798,470801.3771,484238.5574,496947.6765,466998.3468,482356.5233
GDP per capita (constant LCU),NY.GDP.PCAP.KN,Denmark,DNK,333312.9884,333704.1584,341723.8502,348746.653,361204.1047,362875.5099,358902.5959,339471.5592,344290.3126,347459.1388,346938.2417,348719.5074,352574.3695,358293.712,367048.149,374985.0334,380553.8805,387212.1048,378122.9356,394157.8377
GDP per capita (constant LCU),NY.GDP.PCAP.KN,Djibouti,DJI,..,..,..,..,..,..,..,..,..,..,..,411019.0797,432497.5195,457267.5999,481869.8442,500106,515883.4312,536305.3545,534816.6051,549963.8506
GDP per capita (constant LCU),NY.GDP.PCAP.KN,Dominica,DMA,13067.29668,13845.53936,14210.15244,14264.23916,14899.74264,15828.63681,16948.14271,16745.42683,16851.16469,16805.19517,16617.38591,16436.16497,17200.06752,16710.50228,17140.53319,15971.73244,16500.01396,17363.80348,14443.74991,15349.16588
GDP per capita (constant LCU),NY.GDP.PCAP.KN,Dominican Republic,DOM,128724.6435,125193.8527,126635.4224,136704.0732,147280.0784,156166.5067,159146.9535,158662.2224,169795.207,173008.0943,175603.2249,182014.1804,192605.2021,203613.5886,214748.4723,222303.4764,235273.8561,244586.9462,225858.7748,251126.6626
GDP per capita (constant LCU),NY.GDP.PCAP.KN,Ecuador,ECU,3107.931889,3138.539462,3339.615148,3457.968735,3550.271673,3567.837186,3732.208199,3692.717653,3762.615819,3996.688771,4159.365466,4300.25428,4394.815718,4328.557968,4203.115544,4227.237778,4206.802081,4137.253141,3756.805565,3862.192829
GDP per capita (constant LCU),NY.GDP.PCAP.KN,"Egypt, Arab Rep.",EGY,25823.8442,26157.79722,26734.09386,27429.77131,28792.31587,30297.6678,31893.49286,32767.40228,33776.91416,33653.99063,33649.6296,33613.97075,33821.31897,34529.44803,35265.62115,35979.9545,37129.30563,38425.87839,39040.63426,39595.01479
GDP per capita (constant LCU),NY.GDP.PCAP.KN,El Salvador,SLV,2989.363381,3019.982232,3031.806662,3099.407745,3219.563789,3265.250638,3320.576271,3237.584037,3291.786043,3402.748896,3483.211236,3544.961791,3588.968224,3657.637538,3732.455735,3797.202434,3869.803169,3941.861456,3585.457805,3953.033673
GDP per capita (constant LCU),NY.GDP.PCAP.KN,Equatorial Guinea,GNQ,4051102.517,4426305.709,5850275.201,6533250.842,6722990.871,7399599.117,8320207.379,8050869.077,7005645.161,7135848.919,7396778.094,6793153.232,6542599.052,5710947.094,5007724.288,4548629.912,4111950.889,3751782.864,3472290.289,3328192.086
GDP per capita (constant LCU),NY.GDP.PCAP.KN,Eritrea,ERI,12083.27851,11220.12121,10885.64833,10743.83683,10305.89519,10179.69705,8985.186246,9162.564104,9214.410663,9878.564479,..,..,..,..,..,..,..,..,..,..
GDP per capita (constant LCU),NY.GDP.PCAP.KN,Estonia,EST,10290.25266,11142.05016,11971.51077,13187.21707,14560.63068,15735.82287,14968.3417,12803.2716,13146.16422,14143.85444,14652.80155,14919.50513,15409.14461,15684.39426,16174.61601,17090.75258,17735.41975,18394.05059,17815.99634,19306.80216
GDP per capita (constant LCU),NY.GDP.PCAP.KN,Eswatini,SWZ,25024.26329,25900.15194,26747.457,28234.01072,29766.40395,30891.18852,30928.55656,31189.39527,32148.31266,32650.35927,34181.02522,35253.95186,35313.67525,35805.47173,35862.54289,36237.55245,36726.69804,37292.98304,36223.29231,38508.17345
GDP per capita (constant LCU),NY.GDP.PCAP.KN,Ethiopia,ETH,6034.065456,5737.714388,6334.868771,6888.098539,7425.972365,8052.522096,8680.056475,9187.317787,10056.49432,10870.55207,11481.10439,12342.17208,13232.43569,14210.50705,15135.57014,16147.31635,16801.91889,17743.56055,18346.50627,18901.86889
GDP per capita (constant LCU),NY.GDP.PCAP.KN,Faroe Islands,FRO,..,..,..,..,..,..,..,..,..,..,..,..,..,..,..,..,..,..,..,..
GDP per capita (constant LCU),NY.GDP.PCAP.KN,Fiji,FJI,8798.347883,8877.391377,9327.479752,9349.992819,9451.154953,9277.564534,9271.693819,9054.498639,9255.026541,9465.371978,9581.048823,10028.41144,10580.02671,11028.44346,11249.28531,11783.23821,12148.96762,12006.9744,10114.07416,9631.919517
GDP per capita (constant LCU),NY.GDP.PCAP.KN,Finland,FIN,35467.26742,36091.78874,37423.78789,38332.6954,39723.76643,41651.28802,41782.85877,38225.8721,39263.69181,40077.78375,39330.09615,38796.30195,38495.2006,38577.2067,39547.95577,40714.83061,41125.18754,41581.38049,40567.00527,41884.47003
GDP per capita (constant LCU),NY.GDP.PCAP.KN,France,FRA,30781.40523,30815.59775,31455.13375,31738.15589,32289.61906,32868.56618,32768.72474,31663.84946,32122.02793,32667.97808,32612.04831,32631.58827,32787.91889,33035.14778,33309.02787,33973.54246,34512.32167,35071.54499,32253.76407,34438.73301
GDP per capita (constant LCU),NY.GDP.PCAP.KN,French Polynesia,PYF,..,..,..,..,..,..,..,..,..,..,..,..,..,1898297.079,1931694.686,2003437.061,2026750.89,2075503.518,1906711.902,..
GDP per capita (constant LCU),NY.GDP.PCAP.KN,Gabon,GAB,2848589.237,2842798.114,2790846.13,2789778.641,2636413.079,2714299.929,2545043.761,2466518.558,2551584.56,2634430.761,2669683.188,2715619.98,2732450.133,2745331.373,2718728,2656264.105,2609686.375,2645469.592,2534839.804,2513042.556
GDP per capita (constant LCU),NY.GDP.PCAP.KN,"Gambia, The",GMB,25772.86947,26676.04842,27667.5065,26190.43424,25264.30273,25264.75895,26059.5915,26982.22794,27733.06331,24720.80511,25239.78919,25188.87564,24094.15174,24328.8015,24071.39825,24494.11694,25503.71981,26310.47755,25508.03045,26181.90855
GDP per capita (constant LCU),NY.GDP.PCAP.KN,Georgia,GEO,4027.182479,4502.845661,4793.354612,5286.495139,5817.448336,6583.475521,6763.216428,6574.459098,7036.471673,7618.035263,8163.134501,8484.243348,8856.099375,9109.392163,9368.545448,9820.912209,10300.55131,10832.32951,10093.08448,11180.98797
GDP per capita (constant LCU),NY.GDP.PCAP.KN,Germany,DEU,31439.97548,31202.5794,31576.09155,31825.20074,33077.08012,34107.18173,34500.10661,32618.27167,34033.7764,36031.4351,36114.36541,36173.54622,36819.00596,37046.21801,37567.86658,38430.87788,38731.67254,39052.31841,37237.34435,38329.03074
GDP per capita (constant LCU),NY.GDP.PCAP.KN,Ghana,GHA,2849.919739,2925.304776,3013.315219,3111.769014,3227.416763,3281.931638,3491.025891,3568.214819,3755.522213,4180.474976,4461.969586,4678.264368,4702.861447,4694.864277,4745.426111,5018.494469,5214.045842,5434.557292,5347.326318,5516.722641
GDP per capita (constant LCU),NY.GDP.PCAP.KN,Gibraltar,GIB,..,..,..,..,..,..,..,..,..,..,..,..,..,..,..,..,..,..,..,..
GDP per capita (constant LCU),NY.GDP.PCAP.KN,Greece,GRC,18022.89878,19021.79278,19935.10115,19995.81709,21062.71427,21696.90925,21566.86019,20585.11147,19432.26936,17485.87862,16334.79994,16039.70339,16223.71278,16298.93448,16287.13004,16497.60704,16806.9212,17128.08315,15613.8995,16972.57207
GDP per capita (constant LCU),NY.GDP.PCAP.KN,Greenland,GRL,180261.7729,187730.1154,200180.9843,210076.4029,222376.4399,228489.0814,243555.6029,245686.4869,247394.7808,246231.3236,250015.8423,248198.573,260836.664,255059.3435,266658.9542,266870.8052,269242.9895,274369.0529,274653.6094,..
GDP per capita (constant LCU),NY.GDP.PCAP.KN,Grenada,GRD,15390.86611,16788.00323,16624.48201,18775.44,17977.20368,19033.59098,19164.02041,17840.82165,17676.088,17718.06791,17404.84868,17695.53766,18868.12856,19955.01036,20577.34689,21372.27844,22189.34221,22228.97805,19083.17706,20009.49608
GDP per capita (constant LCU),NY.GDP.PCAP.KN,Guam,GUM,28942.6301,29095.31267,30911.98907,31974.79893,30759.72745,30941.52901,31533.54251,31633.08883,32307.02651,32281.29501,32908.30677,33375.93118,33849.45996,33950.9796,33783.78378,33807.92666,33262.9547,33796.58687,29529.04025,..
GDP per capita (constant LCU),NY.GDP.PCAP.KN,Guatemala,GTM,23582.38654,23664.4551,23893.61295,24169.09056,24951.73874,26013.97142,26357.78761,25989.97242,26252.96362,26853.05259,27164.68465,27677.72845,28412.27099,29078.90672,29366.60347,29782.33145,30283.18298,30967.19284,30036.658,31823.1191
GDP per capita (constant LCU),NY.GDP.PCAP.KN,Guinea,GIN,3671398.23,3646309.795,3659464.336,3693076.872,3657577.354,3820429.797,3888197.612,3757476.298,3850352.893,3977351.483,4121041.742,4188953.791,4243239.67,4297245.271,4637953.86,4976158.832,5144726.97,5281830.905,5374612.149,5392818.811
GDP per capita (constant LCU),NY.GDP.PCAP.KN,Guinea-Bissau,GNB,228977.7066,225103.7757,226002.1378,230135.2263,229869.3163,231658.5247,233232.1423,235080.9543,239672.6539,252354.9578,241544.5775,242860.3556,238802.8786,246918.9057,255725.3224,264089.3649,260892.4266,266016.8794,253421.2096,256852.8141
GDP per capita (constant LCU),NY.GDP.PCAP.KN,Guyana,GUY,822239.467,816653.9992,828759.4078,812134.3572,853588.9043,914798.4466,929069.4483,963919.5526,998053.1871,1047709.596,1099204.647,1133522.372,1146458.275,1148230.53,1185881.355,1224049.235,1272191.392,1333835.393,1904574.228,2273207.544
GDP per capita (constant LCU),NY.GDP.PCAP.KN,Haiti,HTI,53588.43678,54544.30206,52951.06655,53698.14574,53773.69109,55411.83662,55992.89184,58374.45601,54238.03603,56150.99648,55604.02253,57173.55982,57340.61663,58004.25578,58268.6854,58956.94499,59181.41084,57461.7487,54861.32196,53225.2532
GDP per capita (constant LCU),NY.GDP.PCAP.KN,Honduras,HND,16404.59229,16723.20552,17334.58942,17949.59419,18689.12585,19402.8702,19786.96785,18903.57733,19215.92235,19569.00811,19999.57874,20189.10217,20441.61522,20860.13416,21303.116,21960.02213,22427.36732,22647.75246,20287.51668,22471.03596
GDP per capita (constant LCU),NY.GDP.PCAP.KN,"Hong Kong SAR, China",HKG,233303.1835,240908.8073,259833.5667,277814.0962,295448.0757,311855.761,316592.0262,308142.2097,326588.793,340018.5248,342003.3286,351196.005,358371.395,363818.5234,369438.0231,380526.565,388240.614,378913.278,355570.913,381859.0064
GDP per capita (constant LCU),NY.GDP.PCAP.KN,Hungary,HUN,2745566.814,2865907.298,3015886.483,3151689.02,3281215.862,3295405.329,3334405.771,3119314.253,3160234.631,3228154.261,3204056.465,3270928.109,3418278.861,3553308.291,3641927.271,3807494.223,4016646.098,4201467.669,4022588.886,4325920.201
GDP per capita (constant LCU),NY.GDP.PCAP.KN,Iceland,ISL,5691429.597,5773260.755,6169312.544,6444329.939,6692459.112,7076959.713,7100058.917,6533590.485,6357650.844,6455250.143,6489288.963,6720838.2,6758623.383,6985317.434,7323287.993,7453599.321,7611638.099,7627389.263,7016497.515,7162113.378
GDP per capita (constant LCU),NY.GDP.PCAP.KN,India,IND,43061.46347,45685.50207,48515.1034,51538.54026,54838.69948,58155.43953,59078.7143,62830.8556,67255.62289,69874.53401,72785.27864,76522.85693,81257.08084,86779.92885,92925.88091,98190.85795,103448.7396,106233.6726,98249.49507,106011.0864
GDP per capita (constant LCU),NY.GDP.PCAP.KN,Indonesia,IDN,20538086.27,21231561.49,22002460.12,22946275.78,23888797.35,25070449.1,26228712.29,27080444.67,28383629.62,29731374.76,31100946.24,32392079.7,33570850.9,34764315.63,36071049.7,37456609.88,38950313.88,40458688.07,39203395.89,40233016.95
GDP per capita (constant LCU),NY.GDP.PCAP.KN,"Iran, Islamic Rep.",IRN,137347234.9,147377239.6,151921232,154944625.8,160864326.9,172077503.4,170633563.5,170451774.3,178286489.9,180864241.9,172001492.6,167297248.2,173406075.4,168699926,181098140.4,183533497.5,176926767.1,172210989.9,172993620.3,..
GDP per capita (constant LCU),NY.GDP.PCAP.KN,Iraq,IRQ,4204501.977,2589206.92,3870353.762,3846129.775,3985450.046,3993222.996,4249546.475,4304082.151,4461271.307,4644387.322,5098384.193,5277628.159,5095189.453,5161780.715,5706869.789,5462445.596,5477833.596,5651041.009,4897395.724,4916742.904
GDP per capita (constant LCU),NY.GDP.PCAP.KN,Ireland,IRL,40485.16041,41029.76739,43020.21639,44507.61771,45481.45927,46529.67668,43545.2057,40906.60464,41398.3597,41658.65364,41460.78308,41765.59794,45074.22548,55891.63087,56392.87937,60769.21605,65440.9989,67726.13379,70961.36871,79844.48384
GDP per capita (constant LCU),NY.GDP.PCAP.KN,Isle of Man,IMN,32752.90227,34471.59284,35973.60246,37726.91268,40137.00159,42559.28088,44051.84697,44516.39389,45771.20298,46668.47766,50287.32818,52712.42484,55759.88166,55715.60217,59543.33942,62101.11231,63126.0928,62900.92092,..,..
GDP per capita (constant LCU),NY.GDP.PCAP.KN,Israel,ISR,106859.0064,106153.1728,109419.302,111978.2788,116371.5459,121298.7476,123284.4809,121748.4932,126340.4034,130901.284,132134.5615,135887.36,138802.2631,139181.4243,142570.2987,145953.4201,148871.3668,151567.9616,145711.3763,155135.5617
GDP per capita (constant LCU),NY.GDP.PCAP.KN,Italy,ITA,29741.16251,29650.30065,29878.40565,29975.10897,30420.28651,30717.16482,30220.79367,28494.73051,28893.91756,29048.29413,28106.53097,27271.09138,27020.79352,27257.35446,27656.8629,28160.31014,28475.09076,28949.41076,26460.37705,28401.46801
GDP per capita (constant LCU),NY.GDP.PCAP.KN,Jamaica,JAM,297332.5812,306345.8413,308626.4466,309682.2132,316992.722,319927.2893,315774.3948,300543.7724,294623.2366,298080.7748,294563.4398,294370.8876,294708.0435,295789.312,298286.9286,299754.7288,303962.4131,305278.3032,273555.0347,284954.8314
GDP per capita (constant LCU),NY.GDP.PCAP.KN,Japan,JPN,3802734.142,3852857.675,3935760.512,4006381.43,4058789.994,4114290.795,4061952.492,3831174.597,3987456.754,3995800.58,4057207.51,4144533.67,4162329.516,4231776.532,4265857.687,4340877.563,4371774.636,4367397.396,4182850.602,4270242.039
GDP per capita (constant LCU),NY.GDP.PCAP.KN,Jordan,JOR,2769.883803,2823.290736,2984.859238,3124.224357,3249.736587,3367.218386,3444.880441,3441.178917,3342.270518,3253.922871,3157.009927,3076.26495,3037.792536,2996.785187,2964.503187,2954.765212,2957.666546,2974.79281,2899.524803,2944.584207
GDP per capita (constant LCU),NY.GDP.PCAP.KN,Kazakhstan,KAZ,388732.0313,423457.1637,460895.0936,501127.5479,548911.7028,590966.2608,599140.7207,594428.8253,628871.3695,665808.1776,688006.5956,718864.4966,738106.493,736126.396,733715.4743,753477.6026,774126.9305,798597.1721,768586.0225,788942.9596
GDP per capita (constant LCU),NY.GDP.PCAP.KN,Kenya,KEN,117689.78,117902.6564,120594.6049,124266.7044,128710.7219,133773.0294,130424.1881,131081.328,137840.1075,141047.9392,143616.3689,145217.7951,148654.1249,152198.7636,154818.083,157015.951,162103.0238,166564.2998,162447.9974,170802.2933
GDP per capita (constant LCU),NY.GDP.PCAP.KN,Kiribati,KIR,1592.926192,1596.865151,1542.067228,1586.501154,1551.732545,1547.388922,1480.832321,1460.656111,1416.201328,1416.325809,1466.333363,1505.724595,1468.796394,1591.292048,1561.137322,1535.162522,1592.566052,1560.187353,1527.776947,..
GDP per capita (constant LCU),NY.GDP.PCAP.KN,"Korea, Dem. People's Rep.",PRK,..,..,..,..,..,..,..,..,..,..,..,..,..,..,..,..,..,..,..,..
GDP per capita (constant LCU),NY.GDP.PCAP.KN,"Korea, Rep.",KOR,21420674.89,21980619.86,23031576.2,23973025.3,25102856.64,26424863.73,27015129.72,27089493.99,28789094.23,29621505.56,30174124.22,30987664.16,31779776.87,32500678.67,33325917.94,34282437.43,35126555.45,35790066.08,35436234.1,36926264.93
GDP per capita (constant LCU),NY.GDP.PCAP.KN,Kosovo,XKX,..,..,..,..,..,..,2024.512657,2109.433917,2195.928546,2314.737912,2333.387195,2443.124892,2532.386606,2719.070784,2887.751673,3004.379557,3096.213368,3258.375473,3082.206909,3333.471684
GDP per capita (constant LCU),NY.GDP.PCAP.KN,Kuwait,KWT,10212.67755,11845.57366,12827.91441,13753.21778,14142.20481,14209.15757,13728.26157,12010.56631,11056.31101,11446.83771,11546.34484,11091.08429,10649.67478,10308.82358,10285.24624,9560.80493,9601.274692,9389.947157,8431.21174,..
GDP per capita (constant LCU),NY.GDP.PCAP.KN,Kyrgyz Republic,KGZ,31084.26467,32922.58858,34812.17394,34361.33022,35048.70334,37681.82251,40461.39972,41129.68099,40450.32031,42341.25775,41605.30632,45239.85821,46125.65326,46936.94096,47984.48208,49296.42191,50140.9727,51364.0791,46165.80545,47015.95574
GDP per capita (constant LCU),NY.GDP.PCAP.KN,Lao PDR,LAO,7165686.73,7486772.394,7842436.839,8269171.136,8836876.795,9350061.08,9912160.714,10478995.17,11189549.04,11901641.25,12663436.8,13477456.44,14288285.34,15096511.58,15909643.33,16744064.57,17516963.11,18194825.38,18019679.86,18215397.43
GDP per capita (constant LCU),NY.GDP.PCAP.KN,Latvia,LVA,7074.530349,7744.868234,8478.318005,9488.770095,10722.0213,11884.71748,11620.80804,10130.9334,9881.524442,10321.15216,11185.36621,11533.14019,11863.48006,12425.6842,12836.65376,13379.99524,14022.61861,14471.24706,14023.80701,14786.87282
GDP per capita (constant LCU),NY.GDP.PCAP.KN,Lebanon,LBN,8503948.71,8365957.218,8571235.41,8559085.457,8580320.624,9364275.346,10219111.04,11151746.12,11700674.55,11237332.27,10827060.34,10527823.92,10189599.04,9811055.773,9694090.43,9630888.103,9394222.865,8749337.542,6511329.26,5874828.247
GDP per capita (constant LCU),NY.GDP.PCAP.KN,Lesotho,LSO,6876.440366,7230.875242,7398.710887,7692.888285,8043.214721,8392.739991,8855.280279,8730.897803,9165.637272,9549.23807,10097.75011,10210.14691,10308.97258,10551.03445,10845.21091,10421.63582,10212.16125,10374.08128,9514.103476,9535.905092
GDP per capita (constant LCU),NY.GDP.PCAP.KN,Liberia,LBR,834.7971569,573.2295328,577.2541231,592.1675864,618.4506179,651.455049,669.768974,677.7920524,693.7759758,727.110856,762.7891738,807.0665533,792.0020562,771.8965867,740.914906,740.4700627,730.8941153,695.7664135,658.9591763,669.1073235
GDP per capita (constant LCU),NY.GDP.PCAP.KN,Libya,LBY,15202.31882,16907.63084,17384.79269,19151.83195,20091.00246,21028.636,20703.64465,19549.8458,20321.69524,10011.65598,18590.44369,15161.09076,11591.09524,11392.64745,11095.13629,14502.31228,15424.66084,13497.90253,10127.66604,13138.13333
GDP per capita (constant LCU),NY.GDP.PCAP.KN,Liechtenstein,LIE,118835.5969,115554.3544,118125.9987,122851.9327,132491.6741,135957.5773,137418.8954,134862.5199,..,..,..,..,..,..,..,..,..,..,..,..
GDP per capita (constant LCU),NY.GDP.PCAP.KN,Lithuania,LTU,6691.580501,7458.952048,8038.736481,8802.500385,9607.279285,10801.9685,11198.96687,9643.681969,10010.6545,10857.6669,11427.26037,11953.29462,12482.95558,12856.06026,13348.42696,14116.10121,14820.54461,15539.48178,15514.74927,16288.48887
GDP per capita (constant LCU),NY.GDP.PCAP.KN,Luxembourg,LUX,86767.42758,87964.72555,90393.33326,91231.06772,95189.68257,101321.8318,99228.04257,94252.48753,96027.77772,94897.72488,94174.43017,94941.62434,95162.4248,95052.53474,97656.7763,96566.81636,96620.63492,97853.77766,94527.29851,99669.26158
GDP per capita (constant LCU),NY.GDP.PCAP.KN,"Macao SAR, China",MAC,297883.5283,324361.0333,400773.961,423035.1052,469052.4986,525567.6863,532076.812,527423.0102,645440.9483,766982.0073,818254.8308,885315.7778,848313.3122,652663.2929,636881.0621,689487.9035,723537.2439,695655.8398,315539.423,367190.6208
GDP per capita (constant LCU),NY.GDP.PCAP.KN,Madagascar,MDG,706455.2496,752509.273,768762.0926,781882.5505,800367.7872,821986.3504,852468.706,795763.193,778639.5138,769383.9612,771176.7797,767799.3322,772293.6981,775312.3351,784886.4066,794187.9426,798012.0969,811284.4942,733719.1179,746178.7704
GDP per capita (constant LCU),NY.GDP.PCAP.KN,Malawi,MWI,260311.897,268594.4479,276210.3791,277916.7457,283179.5228,301801.4557,315721.7987,332325.8893,345119.4329,351652.976,348187.2355,356041.9264,365933.9221,365941.6231,365006.0382,369618.1474,375790.8948,385936.5436,378831.5759,378997.7555
GDP per capita (constant LCU),NY.GDP.PCAP.KN,Malaysia,MYS,25340.38631,26274.91926,27509.46782,28412.39962,29413.74551,30659.84083,31532.75086,30496.71385,32211.71362,33392.62894,34714.8277,35850.01712,37497.40069,38880.20045,40062.78113,41819.111,43255.67646,44579.63594,41521.35318,42286.12507
GDP per capita (constant LCU),NY.GDP.PCAP.KN,Maldives,MDV,97269.52258,107538.4431,110882.4346,93811.35092,115458.4035,121513.954,129834.1187,117059.677,121327.9277,126611.0078,124329.0224,127488.6687,130722.7437,128611.3318,130840.7924,134370.2616,139846.3999,145179.0245,94832.25226,123491.8154
GDP per capita (constant LCU),NY.GDP.PCAP.KN,Mali,MLI,216723.8138,229267.5868,225570.5583,232666.0082,235622.0331,235849.8361,239016.2199,242466.618,247411.5807,247703.6474,238484.7644,236982.4892,246513.4646,254155.1675,261142.2178,266871.7522,271255.2805,275768.8469,264388.8987,264601.6738
GDP per capita (constant LCU),NY.GDP.PCAP.KN,Malta,MLT,15470.38379,15995.10615,15910.32427,16344.14859,16693.47854,17429.65008,17979.20704,17641.83991,18528.60669,18536.43902,19126.94844,19892.5628,20987.78276,22461.8414,22695.96458,24529.42342,25117.01303,25564.12189,22917.42881,25000.20557
GDP per capita (constant LCU),NY.GDP.PCAP.KN,Marshall Islands,MHL,3197.345707,3081.137193,3052.661723,3080.342762,3041.572671,3124.085573,2924.767653,3013.133055,3208.023279,3179.185833,3095.919735,3207.812692,3163.436686,3199.886846,3226.24084,3312.175081,3409.492912,3612.602269,3508.798189,3396.747627
GDP per capita (constant LCU),NY.GDP.PCAP.KN,Mauritania,MRT,42092.97649,43763.95265,44554.97301,47012.88305,54063.84909,51499.67703,49869.68179,48489.06495,48324.24873,48879.6414,49577.92416,50135.19961,50770.28279,51973.92485,51147.44431,52843.68176,53721.32658,55279.20319,52856.67212,52651.67585
GDP per capita (constant LCU),NY.GDP.PCAP.KN,Mauritius,MUS,156858.2271,164954.7319,171021.4524,173033.8603,180608.5677,190084.1907,199600.83,205670.8917,214163.4519,222539.3871,229681.7875,236877.378,245302.8795,253682.4847,263237.6802,273031.6162,283142.2352,291577.5238,248142.3118,258102.5539
GDP per capita (constant LCU),NY.GDP.PCAP.KN,Mexico,MEX,126621.6212,126713.1284,129874.4068,131003.6928,134913.4096,135969.2002,135482.9295,126440.5747,131014.1709,133932.0707,136941.7116,136982.0448,139097.0956,141905.5173,143896.481,145236.8142,146762.2571,144899.3716,131664.1994,136572.1443
GDP per capita (constant LCU),NY.GDP.PCAP.KN,"Micronesia, Fed. Sts.",FSM,2280.119035,2318.673177,2253.113745,2309.712159,2324.506994,2302.18686,2266.114593,2303.744744,2357.054297,2419.702653,2350.491838,2233.733313,2151.316034,2220.940249,2213.910992,2247.879527,2229.058949,2232.041526,2169.570977,2078.105594
GDP per capita (constant LCU),NY.GDP.PCAP.KN,Moldova,MDA,20559.57453,21978.30691,23663.18443,25499.89502,26798.26898,27666.25085,29881.04948,28123.66505,30150.53956,31923.20035,31739.10024,34618.81559,36371.79073,36535.48168,38586.81039,41086.14013,43596.27017,45935.51442,43267.53441,50192.95879
GDP per capita (constant LCU),NY.GDP.PCAP.KN,Monaco,MCO,109684.9073,109740.3572,111259.7898,112219.594,117527.6756,133180.6569,132776.5232,116559.0381,117716.7486,124502.4289,124265.6134,134540.2314,142585.7449,147923.0178,151633.8324,145097.9371,152587.7669,161931.8911,141891.7542,..
GDP per capita (constant LCU),NY.GDP.PCAP.KN,Mongolia,MNG,3319221.498,3515029.174,3845478.902,4075384.681,4368023.548,4750743.635,5098722.669,4955163.226,5181220.29,5966414.779,6572544.803,7192813.739,7606035.287,7635581.949,7602467.965,7882887.565,8342235.343,8659485.554,8130873.25,8120114.804
GDP per capita (constant LCU),NY.GDP.PCAP.KN,Montenegro,MNE,3819.662265,3898.897866,4064.256146,4227.907681,4584.386001,4889.83154,5233.715146,4919.850427,5045.122274,5202.533871,5056.570969,5230.919806,5319.060485,5496.312036,5657.104337,5923.253419,6225.490054,6480.500878,5494.915549,6189.460038
GDP per capita (constant LCU),NY.GDP.PCAP.KN,Morocco,MAR,16999.57031,17800.37891,18435.57617,18819.83984,20009.63086,20474.6875,21430.26563,22065.53125,22614.00977,23481.3125,23852.44727,24582.40625,24884.6543,25656.85156,25583.30469,26325.69141,26811.30078,27170.67773,25152.80664,26687.94141
GDP per capita (constant LCU),NY.GDP.PCAP.KN,Mozambique,MOZ,12661.7333,13135.78319,13763.11433,14259.9816,15207.42463,15934.51018,16637.45496,17211.07618,17834.11984,18637.43404,19447.36462,20233.49882,21130.76435,21921.14412,22115.08339,22286.55191,22392.04312,22253.91436,21353.88735,21212.98027
GDP per capita (constant LCU),NY.GDP.PCAP.KN,Myanmar,MMR,406273.9867,454774.9528,512633.0599,577597.4694,649796.6167,726303.7743,801757.4644,879569.2393,961430.2816,1025828.295,1083371.794,1159052.477,1243815.75,1274827.618,1399103.918,1470204.058,1554880.756,1649489.228,1690443.395,1376398.374
GDP per capita (constant LCU),NY.GDP.PCAP.KN,Namibia,NAM,41367.43447,42488.10966,46985.49192,47413.88417,49917.64748,51677.53838,52089.84204,51298.64236,53425.30241,55160.77031,56947.36153,59101.88529,61601.65745,63077.70833,61944.55926,60170.7016,59673.99645,58028.03064,52487.44537,52798.48428
GDP per capita (constant LCU),NY.GDP.PCAP.KN,Nauru,NRU,..,..,3331.314355,3249.390739,3561.615956,2742.230347,3340.080972,3619.909502,3996.403237,4369.848048,4834.254144,6269.592476,7872.485178,8097.165992,8306.282223,7752.67089,8147.593182,8082.497213,8122.577072,8214.844109
GDP per capita (constant LCU),NY.GDP.PCAP.KN,Nepal,NPL,43577.17287,44654.71488,46123.30148,47125.19134,48108.70221,49154.26504,51599.51327,53503.27584,55811.00425,57660.96588,60470.22123,62770.19247,66570.35442,68937.81949,68605.5861,73765.43273,78079.75959,81784.26371,78399.10489,80246.63608
GDP per capita (constant LCU),NY.GDP.PCAP.KN,Netherlands,NLD,36875.93524,36759.48478,37359.10112,38036.30924,39289.58655,40683.32943,41404.78996,39681.92071,40009.00286,40440.55127,39876.0338,39706.88816,40127.42431,40732.65268,41404.46265,42358.53937,43106.14101,43662.16243,41770.89568,43644.46005
GDP per capita (constant LCU),NY.GDP.PCAP.KN,New Caledonia,NCL,..,..,..,..,..,..,..,..,..,..,..,..,..,..,..,..,..,..,..,..
GDP per capita (constant LCU),NY.GDP.PCAP.KN,New Zealand,NZL,46828.95277,48002.89233,49199.91486,50263.1336,51084.71993,52143.18647,51127.8337,50550.81881,50753.76054,51502.41629,52370.90493,53370.86558,54494.47338,55395.49616,56205.80832,57013.62805,57882.68151,58217.99626,56235.08605,58476.01193
GDP per capita (constant LCU),NY.GDP.PCAP.KN,Nicaragua,NIC,19416.16836,19631.80428,20394.07411,20978.99111,21552.8178,22337.84002,22790.02357,21740.00068,22392.63414,23488.76468,24682.03252,25556.77875,26429.92518,27338.19747,28219.67744,29152.47877,27820.42292,26441.66537,25658.63302,27984.24261
GDP per capita (constant LCU),NY.GDP.PCAP.KN,Niger,NER,246833.6037,243059.3189,235061.281,243063.4175,248022.6397,246385.5989,255592.2823,250866.9625,262114.4553,258093.2713,274409.5725,277920.617,285044.5771,286236.9994,291209.581,294257.8195,303662.1652,309726.4889,308940.9746,301603.2511
GDP per capita (constant LCU),NY.GDP.PCAP.KN,Nigeria,NGA,241564.6914,252816.2584,269223.0316,279242.5004,288530.7144,299558.5669,311458.5624,327648.0365,344549.909,353250.9045,358453.7648,372267.5788,385348.9743,385236.1352,369177.9968,362574.0757,360109.5702,358742.0454,343459.2284,347126.4286
GDP per capita (constant LCU),NY.GDP.PCAP.KN,North Macedonia,MKD,136258.2215,138832.0251,144908.5481,151432.969,158948.9018,168962.5795,177917.5123,176953.2997,182511.0803,186460.8832,185384.6885,190531.4452,197117.6379,204445.7948,210039.1317,212105.3631,218035.0127,226509.0572,213094.5207,222340.203
GDP per capita (constant LCU),NY.GDP.PCAP.KN,Northern Mariana Islands,MNP,24943.50476,25226.9041,24755.41579,21875.6079,20613.39155,19469.3471,17502.42581,14540.35502,14804.24673,13700.40546,13736.97197,13981.67415,14430.1188,14790.51256,18972.36015,23217.15913,18615.19802,16447.31093,..,..
GDP per capita (constant LCU),NY.GDP.PCAP.KN,Norway,NOR,557284.7932,559067.9222,577834.9314,588980.447,598277.0314,609848.0979,605163.5288,587259.2481,584059.893,582190.7465,590125.9183,589062.4166,593928.4035,599615.2725,600724.9186,609736.8792,612502.3438,612918.8002,604950.8549,625328.0131
GDP per capita (constant LCU),NY.GDP.PCAP.KN,Oman,OMN,8670.829729,8257.987548,8161.662122,8145.961062,8352.40021,8473.431165,8855.66683,8987.813758,8645.162563,8321.732139,8419.793878,8232.139513,7795.111062,7725.630551,7731.619165,7444.803025,7285.262418,6992.312751,6594.026345,..
GDP per capita (constant LCU),NY.GDP.PCAP.KN,Pakistan,PAK,119180.0313,123147.0537,129421.6705,134728.6458,139441.6,142882.9603,142062.3821,142858.6952,141999.6838,142786.4302,144684.7413,147902.0574,151610.2453,155501.2724,160707.3176,164380.025,170938.6215,171699.2569,166097.8171,172744.4328
GDP per capita (constant LCU),NY.GDP.PCAP.KN,Palau,PLW,13021.96823,12488.92086,13063.07839,13633.21371,13743.94474,14304.22778,13802.06863,13187.09131,13462.91077,14529.4343,14867.11086,14389.62677,15276.19858,16390.68214,16328.02799,15711.15728,15604.93551,15232.48708,13680.07959,..
GDP per capita (constant LCU),NY.GDP.PCAP.KN,Panama,PAN,4627.590511,4732.251354,4994.368035,5255.681333,5606.964704,6166.187862,6653.437315,6617.551335,6881.186601,7527.875944,8123.404732,8537.451854,8818.575012,9166.277022,9456.889682,9816.200761,10007.13602,10136.48188,8185.789271,9297.178531
GDP per capita (constant LCU),NY.GDP.PCAP.KN,Papua New Guinea,PNG,4788.585682,4794.143743,4823.176121,5018.11781,5168.642347,5440.306335,5293.789312,5520.393633,5941.694125,5877.510172,6023.220997,6127.235302,6818.468344,7122.671925,7364.711913,7474.774266,7308.148996,7487.856888,7087.753485,7058.394707
GDP per capita (constant LCU),NY.GDP.PCAP.KN,Paraguay,PRY,19081429.29,19548886.18,19995706.09,20094316.12,20742877.69,21556813.21,22644383.33,22282326.63,24421608.64,25122755.37,24604861.94,26282071.17,27301069.12,27733461.73,28536860.36,29521081.9,30077150.39,29579653.03,28975654.51,29828298.8
GDP per capita (constant LCU),NY.GDP.PCAP.KN,Peru,PER,8699.801232,8972.345937,9331.302169,9831.681029,10483.14794,11283.39519,12214.34351,12249.40534,13162.64338,13882.30047,14613.55166,15329.9931,15530.15031,15835.06065,16218.7291,16353.20285,16712.66908,16813.20309,14762.20045,16538.47897
GDP per capita (constant LCU),NY.GDP.PCAP.KN,Philippines,PHL,91757.76039,94467.08399,98701.73782,101641.4417,105142.1503,110096.5962,112988.5069,112749.3114,119019.3015,121537.6628,127724.8135,134059.2168,140240.8398,146806.7455,154949.6935,163311.7909,171260.68,179276.3245,160044.4391,166938.9435
GDP per capita (constant LCU),NY.GDP.PCAP.KN,Poland,POL,28673.22948,29696.36879,31194.33437,32302.46628,34304.70729,36747.0992,38285.24437,39342.88161,40931.24706,42855.55715,43423.45266,43938.81146,45457.33048,47414.63869,48925.3027,51282.31529,54027.92645,56605.34999,55263.86268,58614.478
GDP per capita (constant LCU),NY.GDP.PCAP.KN,Portugal,PRT,17185.60964,16961.89733,17224.06383,17326.55367,17576.39156,17981.62443,18013.03843,17434.02913,17728.82608,17453.76896,16813.6465,16750.19209,16974.16225,17350.05217,17756.35972,18423.83804,18979.15532,19483.69568,17820.05201,18685.63627
GDP per capita (constant LCU),NY.GDP.PCAP.KN,Puerto Rico,PRI,2790.542461,2790.28618,3033.778448,2977.791269,2948.280465,2931.112703,2893.987715,2853.002746,2855.63042,2878.491828,2914.38574,2938.929502,2951.760091,2972.620314,2992.42193,2977.187526,2971.609161,3015.410994,2820.141044,..
GDP per capita (constant LCU),NY.GDP.PCAP.KN,Qatar,QAT,235024.3543,229137.0074,247232.324,231339.0595,246989.1463,244597.7928,244085.5029,237227.6225,252928.019,261469.7981,253859.4058,251850.9787,252057.6125,253078.1762,252119.7071,241932.1155,239904.9323,237462.2078,224926.7455,224498.9232
GDP per capita (constant LCU),NY.GDP.PCAP.KN,Romania,ROU,11159.86032,11503.80318,12776.0218,13455.25978,14621.92174,15912.98599,17686.36239,16850.33112,16289.42566,16681.76364,17098.1305,17808.90049,18520.81917,19157.7037,20174.08961,21776.22677,22884.66091,23969.07067,23207.4587,24754.99795
GDP per capita (constant LCU),NY.GDP.PCAP.KN,Russian Federation,RUS,370395.5,399241.7813,429713.875,458962.8125,498226.8125,541501.625,569909.9375,525298.8125,548690.875,571838.625,593849.5625,602988.75,596685.9375,583655,583714.8125,593692.75,610408.3125,624105.75,608623.375,640481.0625
GDP per capita (constant LCU),NY.GDP.PCAP.KN,Rwanda,RWA,326108.355,328223.3825,347656.7522,373390.0288,398682.3676,418453.186,452910.5472,468506.9771,490018.8638,515962.6139,546929.4389,558870.995,578771.7182,614214.8352,634167.2331,642205.1321,679107.2226,724223.7192,682321.448,738107.5172
GDP per capita (constant LCU),NY.GDP.PCAP.KN,Samoa,WSM,8047.70875,8416.111048,8621.725029,9136.586536,9271.958076,9257.086308,9522.201975,9404.783575,9572.490645,9890.869486,9405.185015,9286.308151,9218.261887,9550.26717,10271.67266,10335.29008,10167.7634,10561.13002,10219.32161,9312.362099
GDP per capita (constant LCU),NY.GDP.PCAP.KN,San Marino,SMR,45820.76309,46952.13753,48441.71101,48970.12686,50212.16407,53112.94399,52211.34258,46228.71046,43144.03767,39014.37372,35759.89783,34988.01991,34334.1125,34773.5768,35341.30675,35255.78985,35662.79304,36313.4863,33825.48176,..
GDP per capita (constant LCU),NY.GDP.PCAP.KN,Sao Tome and Principe,STP,12972.62937,13553.75553,13768.24231,14395.10897,15298.88419,15357.69797,16146.42769,16091.06023,16736.89763,17080.13505,17254.62329,17738.70968,18548.02097,18914.77444,19335.86145,19705.32532,19906.38624,19966.5191,20197.14,20173.80176
GDP per capita (constant LCU),NY.GDP.PCAP.KN,Saudi Arabia,SAU,62611.5131,67630.229,70878.78689,72681.96928,72628.42643,71954.29834,74372.45973,70812.01314,72234.54275,77077.4145,78775.64483,78486.83156,79078.59923,80246.62608,79762.15232,77597.52499,78128.56321,77095.13652,72747.5141,73985.63892
GDP per capita (constant LCU),NY.GDP.PCAP.KN,Senegal,SEN,620491.9794,639180.0042,652238.7698,663172.2342,661210.8696,662171.7828,668524.5026,668523.9545,672490.2484,662865.925,670461.3887,667682.1706,689609.7565,713204.7646,737632.475,770293.505,795677.3424,809808.482,798609.2983,824758.0811
GDP per capita (constant LCU),NY.GDP.PCAP.KN,Serbia,SRB,396103.5131,414364.1458,452829.1044,479309.9611,505776.9414,540533.7801,573540.4863,560114.3153,566481.7191,582598.1784,581442.4266,601179.6265,594407.9553,608144.8176,631748.0415,648464.0054,681325.5341,714663.4347,712643.9494,771458.5953
GDP per capita (constant LCU),NY.GDP.PCAP.KN,Seychelles,SYC,141380.7807,134571.6316,131220.7873,142377.0433,152561.7637,167603.0639,160377.9,157983.9753,162782.3855,180299.1837,180790.2042,188162.8733,193604.3521,200008.5636,207915.3332,214651.0439,219413.6128,224188.4763,205114.6635,207344.61
GDP per capita (constant LCU),NY.GDP.PCAP.KN,Sierra Leone,SLE,885923.8065,924617.7654,943376.088,948919.1917,957848.9089,1007315.834,1036775.246,1046098.234,1077481.11,1119762.592,1261066.503,1488730.762,1522590.368,1182868.535,1227633.535,1251845.281,1267836.221,1306602.014,1254577.638,1266744.758
GDP per capita (constant LCU),NY.GDP.PCAP.KN,Singapore,SGP,47567.33198,50469.54598,54795.89907,57465.60638,60711.4611,63487.78788,61319.36713,59573.74458,67025.53926,69722.23251,71050.0661,73276.76036,75178.08942,76502.97145,78206.4861,81779.54558,84376.49193,84330.46045,81089.08727,90979.29685
GDP per capita (constant LCU),NY.GDP.PCAP.KN,Sint Maarten (Dutch part),SXM,..,..,..,..,..,..,..,45336.77201,47037.58515,50115.1488,49044.45727,47015.59811,46392.46385,45210.38506,44135.94786,40956.11968,37952.75462,..,..,..
GDP per capita (constant LCU),NY.GDP.PCAP.KN,Slovak Republic,SVK,8689.275926,9173.142424,9659.348172,10298.12126,11172.24524,12378.81362,13057.71603,12328.90781,13092.59439,13420.58309,13579.73485,13653.97007,14012.35031,14729.18107,14994.35829,15417.27527,15980.12088,16374.28804,15647.14691,16154.03267
GDP per capita (constant LCU),NY.GDP.PCAP.KN,Slovenia,SVN,15594.17106,16046.1209,16734.87741,17340.40232,18278.42838,19445.24811,20095.94047,18411.83643,18578.05322,18699.18645,18167.43674,17956.05482,18434.96688,18828.23229,19414.98526,20336.63523,21159.16821,21695.36077,20639.1119,22265.29622
GDP per capita (constant LCU),NY.GDP.PCAP.KN,Solomon Islands,SLB,11893.51865,12341.12985,12832.83575,13214.38464,13536.77243,13820.74988,14296.80332,14327.82589,15188.50266,15881.20039,15754.20616,16150.86456,15882.60643,15678.91759,16162.82001,16582.79987,16792.44075,16564.26448,15455.17195,15052.66373
GDP per capita (constant LCU),NY.GDP.PCAP.KN,Somalia,SOM,..,..,..,..,..,..,..,..,..,..,..,7219775.897,7553693.595,8443813.097,8902409.702,8880589.392,9295514.299,9763934.327,9718796.173,9756619.48
GDP per capita (constant LCU),NY.GDP.PCAP.KN,South Africa,ZAF,65231.06378,66337.90979,68519.80017,71248.27657,74296.11269,77274.26831,78683.36245,76402.54214,77587.60106,78834.95006,79457.52668,80136.36745,79992.36191,79817.33768,79173.76149,78963.71299,79052.95894,78107.41327,72158.84992,74780.5669
GDP per capita (constant LCU),NY.GDP.PCAP.KN,South Sudan,SSD,..,..,..,..,..,..,3078.426157,3090.265009,3134.500838,2891.046869,1515.180279,1674.162219,1697.873619,1491.891015,..,..,..,..,..,..
GDP per capita (constant LCU),NY.GDP.PCAP.KN,Spain,ESP,22556.236,22812.53196,23122.48795,23565.44447,24121.07362,24532.22263,24358.14985,23234.78323,23165.75533,22895.598,22203.59564,21956.71411,22327.22262,23201.50496,23884.63814,24537.25257,24989.16935,25327.80584,22477.60028,23648.91927
GDP per capita (constant LCU),NY.GDP.PCAP.KN,Sri Lanka,LKA,208068.1596,218575.4778,228537.8899,240841.9033,257322.4949,272789.2299,286967.6076,295063.0702,316540.8847,340844.7459,371530.8056,381161.1584,396353.3091,412390.7135,426158.0878,436445.9645,446025.7778,453628.7599,434915.3023,445991.9024
GDP per capita (constant LCU),NY.GDP.PCAP.KN,St. Kitts and Nevis,KNA,34064.38186,32308.90293,33183.73162,36002.30513,36759.13211,36642.38314,40392.61904,38689.54299,38381.0716,38661.60552,38123.25936,39940.50032,42591.78155,42538.43254,43835.28056,43902.84611,44729.42332,46526.85771,39554.38976,38890.30366
GDP per capita (constant LCU),NY.GDP.PCAP.KN,St. Lucia,LCA,24845.70116,25721.63085,27370.80787,26993.77264,28324.63266,28414.4443,29405.58317,28206.73313,28351.4544,29659.72895,29413.45455,28343.22188,28711.95859,28191.05906,29073.40864,29937.33409,30655.03112,30483.75617,24162.86208,25649.61416
GDP per capita (constant LCU),NY.GDP.PCAP.KN,St. Martin (French part),MAF,..,..,..,..,..,..,..,..,..,..,..,..,..,..,..,..,..,..,..,..
GDP per capita (constant LCU),NY.GDP.PCAP.KN,St. Vincent and the Grenadines,VCT,15873.28845,16899.93372,17563.21129,17984.20647,19245.20654,19900.47769,20002.20026,19746.20428,18869.20632,18745.28348,18943.4502,19376.15705,19554.2364,20049.69333,20818.33691,21096.68374,21664.87694,21677.07391,20459.95656,20550.71514
GDP per capita (constant LCU),NY.GDP.PCAP.KN,Sudan,SDN,486.8814392,503.2368469,514.5275269,528.62323,547.7253418,563.3841553,569.3509521,539.0424194,545.5134277,577.6588135,533.3582153,530.8961182,542.4008179,539.6144409,545.0925903,535.9660034,509.2672729,486.4019775,457.6713867,447.3801575
GDP per capita (constant LCU),NY.GDP.PCAP.KN,Suriname,SUR,22168.96613,23289.83887,24975.56555,25797.37837,26977.01527,28029.27085,28855.27844,29384.46263,30552.10838,31973.56893,32465.5442,33048.61035,32774.75862,31325.11589,29482.21136,29649.37835,30820.14004,30870.55764,25726.43249,24614.81789
GDP per capita (constant LCU),NY.GDP.PCAP.KN,Sweden,SWE,357444.2591,364342.327,378651.166,387921.4873,403732.0612,414531.9046,409461.891,388369.4332,407992.4923,417861.7838,412341.82,413718.9792,420521.5287,434777.9499,438239.4185,443477.0263,446903.2298,451182.6037,434745.6624,452887.922
GDP per capita (constant LCU),NY.GDP.PCAP.KN,Switzerland,CHE,71349.10724,70788.53566,72287.22107,73896.10124,76382.18523,78727.47158,79875.4292,77243.11752,78940.98807,79567.37755,79685.24525,80209.21308,81175.3183,81586.97628,82351.3514,82879.45749,84670.95469,85087.20485,82461.92344,84905.26532
GDP per capita (constant LCU),NY.GDP.PCAP.KN,Syrian Arab Republic,SYR,55620.05798,58495.29038,61085.908,62997.75537,63752.90495,64594.89884,64920.3251,67001.58018,69963.35314,72915.49959,55399.85814,42623.94599,40002.24831,40262.16032,39152.21694,39708.36122,40652.49852,..,..,..
GDP per capita (constant LCU),NY.GDP.PCAP.KN,Tajikistan,TJK,337.541453,368.1021318,398.6524057,417.4099225,438.0302459,462.8313214,489.1952398,497.5884999,518.4814751,544.5430969,572.201752,600.4430145,625.6864071,647.5618283,675.4948159,705.8006119,741.0299283,777.0713579,792.8374749,846.9556521
GDP per capita (constant LCU),NY.GDP.PCAP.KN,Tanzania,TZA,1217309.5,1262761.875,1319744.5,1378992.625,1428347.375,1482640.125,1523131.625,1558060,1609323.75,1682538.375,1706796.75,1768879.25,1832235,1887706,1957867.625,2029206.875,2076996.375,2133476.75,2113205,2140530
GDP per capita (constant LCU),NY.GDP.PCAP.KN,Thailand,THA,90052.43761,95807.58702,101135.3544,104692.5861,109231.6905,114525.5609,115890.9428,114512.51,122514.9502,122952.5815,131240.4633,134157.3341,134895.6296,138564.9807,142791.279,148244.0128,154017.6165,156886.102,146798.542,148776.275
GDP per capita (constant LCU),NY.GDP.PCAP.KN,Timor-Leste,TLS,979.6479675,933.5707574,913.4078069,918.7275029,862.4159687,932.6150052,1020.104072,1103.863124,1185.623177,1234.078304,1271.304729,1287.263719,1321.235885,1332.791939,1351.924523,1285.139955,1251.426724,1466.814913,1587.857259,1626.350343
GDP per capita (constant LCU),NY.GDP.PCAP.KN,Togo,TGO,406095.9781,422525.3832,407896.3319,378892.8892,378727.0718,364320.9788,368958.8503,378961.9708,391379.5322,405418.9184,420605.3678,434704.1852,448618.8916,462387.7978,475952.3097,484483.4224,496303.5684,510885.8688,507509.7808,521637.1507
GDP per capita (constant LCU),NY.GDP.PCAP.KN,Tonga,TON,8357.967341,8502.104608,8245.563494,8195.489951,8118.462552,8071.983973,8389.41519,7913.970567,7971.113954,8549.385851,8688.723524,8798.762872,9042.580402,9170.608256,9738.133138,9976.942609,9890.805143,9839.647071,9791.624171,..
GDP per capita (constant LCU),NY.GDP.PCAP.KN,Trinidad and Tobago,TTO,80821.66316,92035.24437,98847.59948,104468.1975,117716.6489,122757.296,126341.6477,120201.2255,123520.354,122416.0819,123263.256,125233.369,123375.7974,124843.6322,116342.6494,112691.7696,111430.2486,110830.2931,102325.6473,101037.0893
GDP per capita (constant LCU),NY.GDP.PCAP.KN,Tunisia,TUN,5845.976254,6075.32079,6404.581054,6572.465805,6853.100313,7239.447364,7466.754161,7612.668603,7758.102834,7523.889747,7765.157302,7876.901815,8039.403967,8032.430862,8033.096443,8119.844649,8238.03713,8254.531895,7454.525304,7628.105668
GDP per capita (constant LCU),NY.GDP.PCAP.KN,Turkiye,TUR,11322.96508,11804.46807,12782.59019,13748.91532,14521.69309,15073.22518,15015.50639,14110.38478,15086.76789,16521.51698,17032.54432,18167.74358,18743.31419,19554.54878,19875.72509,21027.37715,21332.17372,21240.88402,21388.69362,23542.07482
GDP per capita (constant LCU),NY.GDP.PCAP.KN,Turkmenistan,TKM,3161.066877,3232.33018,3359.580057,3756.531498,4120.680425,4519.991409,5115.501042,5349.310307,5750.437971,6485.019528,7076.526441,7655.23711,8289.338759,8671.168223,9050.885292,9479.65313,9906.966225,10369.48656,..,..
GDP per capita (constant LCU),NY.GDP.PCAP.KN,Turks and Caicos Islands,TCA,..,..,..,..,..,..,..,..,..,22004.15331,21345.02598,21159.93436,22588.32094,24719.24734,26091.7966,25059.55922,26078.49577,27088.06881,19564.68826,19716.85152
GDP per capita (constant LCU),NY.GDP.PCAP.KN,Tuvalu,TUV,4795.16314,4524.886878,4356.194914,4101.230369,4151.017988,4403.561992,4653.417353,4321.521175,4182.111967,4423.113119,4281.459419,4424.37091,4374.373462,4775.204973,4985.754986,5015.398152,5041.286397,5662.805663,5681.818182,5786.163522
GDP per capita (constant LCU),NY.GDP.PCAP.KN,Uganda,UGA,1721979.564,1776054.145,1837491.479,1892924.761,2031976.809,2134566.434,2248372.587,2326426.378,2380502.361,2522502.456,2537299.961,2544676.251,2586430.433,2627095.712,2653853.073,2636070.809,2699778.818,2773610.769,2763612.779,2773192.339
GDP per capita (constant LCU),NY.GDP.PCAP.KN,Ukraine,UKR,42474.22266,46895.28516,52825.95703,54848.82422,59401.89844,64667.09766,66476.89844,56665.58984,59219.13672,62668.73828,62919.39453,63091.47656,60015.60938,54347.83594,55899.35938,57470.49219,59778.72656,62046.56641,60122.09375,62718.44141
GDP per capita (constant LCU),NY.GDP.PCAP.KN,United Arab Emirates,ARE,217365.5173,221639.6215,221555.3759,206001.3842,195872.9774,173649.9096,155922.6049,132298.4207,124473.0607,127194.47,130065.3751,135801.1778,141539.6972,147920.0487,150738.23,152262.8428,151774.7029,154710.6805,143459.8522,..
GDP per capita (constant LCU),NY.GDP.PCAP.KN,United Kingdom,GBR,26550.54905,27227.92143,27711.20013,28235.29533,28752.79919,29177.25992,28879.15496,27444.18201,27810.27949,27995.98432,28210.64659,28551.9671,29190.23438,29719.35456,30162.5784,30597.8031,30915.05802,31255.1224,28254.21173,30245.96088
GDP per capita (constant LCU),NY.GDP.PCAP.KN,United States,USA,49095.3318,50036.23423,51485.20741,52789.73142,53738.09173,54299.61724,53854.16061,51996.1835,52963.46417,53394.86184,54213.45955,54830.78407,55675.38685,56762.72945,57292.53878,58215.41163,59600.0531,60687.23226,58060.31395,61280.3896
GDP per capita (constant LCU),NY.GDP.PCAP.KN,Uruguay,URY,284550.5906,287047.8634,301609.5717,324079.5047,336996.5281,358356.8946,383099.4164,398228.9706,428077.9425,448886.0042,463386.1818,483379.3963,497420.2888,497570.86,504186.9662,510529.281,511088.6067,511036.4808,478096.7464,497339.5388
GDP per capita (constant LCU),NY.GDP.PCAP.KN,Uzbekistan,UZB,1748893.543,1801827.795,1913836.824,2023174.576,2147564.318,2317774.323,2486806.36,2642058.706,2763654.976,2892925.891,3053116.977,3225120.452,3389153.442,3570975.321,3717602.166,3816210.996,3951335.272,4099293.715,4097103.216,4315013.079
GDP per capita (constant LCU),NY.GDP.PCAP.KN,Vanuatu,VUT,202375.1205,205714.7165,208506.6357,214156.0192,226761.9496,227868.8076,235028.9275,236336.2346,233265.3165,234197.9247,230071.5417,224725.9748,225383.496,220180.1363,224542.443,232725.8589,233603.8268,235379.2492,217395.4094,213467.9963
GDP per capita (constant LCU),NY.GDP.PCAP.KN,"Venezuela, RB",VEN,1539.820052,1395.319452,1622.225704,1760.096313,1903.768018,2040.218476,2117.72472,2021.009018,1962.293383,2012.549314,2091.531788,2089.714545,1990.823511,..,..,..,..,..,..,..
GDP per capita (constant LCU),NY.GDP.PCAP.KN,Vietnam,VNM,20010572.85,21191699.72,22579961.85,24061124.14,25501342.29,27062946.9,28322034.92,29559894.61,31145538.66,32804948.55,34250594.41,35772802.03,37670408.66,39884678.22,42115187.3,44580840.33,47317827.9,50219519.28,51230482.21,52112310.61
GDP per capita (constant LCU),NY.GDP.PCAP.KN,Virgin Islands (U.S.),VIR,44208.31452,44034.8371,45498.12845,47089.52265,48777.78701,50749.05157,51339.0592,47950.26014,48257.14998,44325.42248,37795.31926,35468.01677,34889.97238,34796.49436,35417.9843,35234.57089,35999.66355,37114.81311,36447.45508,..
GDP per capita (constant LCU),NY.GDP.PCAP.KN,West Bank and Gaza,PSE,1836.96555,2041.592242,2426.415656,2632.246274,2540.267631,2569.984341,2685.986018,2840.01595,2927.08102,3128.108111,3237.9162,3309.631202,3227.849345,3272.154324,3483.099035,3462.979861,3417.794408,3378.434621,2922.468011,3052.583018
GDP per capita (constant LCU),NY.GDP.PCAP.KN,"Yemen, Rep.",YEM,15016.85433,15135.37656,15289.61214,15689.05836,15732.47959,15803.27938,15923.58582,16080.64427,16841.72586,14297.29163,14241.26562,14528.10963,14120.9067,9909.043436,8758.490802,8115.16385,7985.762398,7913.397584,7079.550377,6782.457613
GDP per capita (constant LCU),NY.GDP.PCAP.KN,Zambia,ZMB,4755.4107,4956.89657,5170.489378,5401.689169,5676.712903,5988.788021,6280.754508,6669.557467,7145.084186,7318.272707,7633.704799,7771.855668,7886.924194,7872.100719,7927.729661,7966.899432,8050.395212,7933.554636,7493.219882,7540.792965
GDP per capita (constant LCU),NY.GDP.PCAP.KN,Zimbabwe,ZWE,1419.985699,1175.911065,1104.146312,1036.19228,993.8398482,949.6856947,774.0776424,856.9145565,1011.723735,1137.712077,1304.968011,1307.479728,1315.274257,1316.5971,1306.155098,1347.85348,1393.089681,1289.045011,1190.814777,1241.324492
,,,,,,,,,,,,,,,,,,,,,,,
,,,,,,,,,,,,,,,,,,,,,,,
,,,,,,,,,,,,,,,,,,,,,,,
,,,,,,,,,,,,,,,,,,,,,,,
,,,,,,,,,,,,,,,,,,,,,,,
,,,,,,,,,,,,,,,,,,,,,,,
,,,,,,,,,,,,,,,,,,,,,,,
,,,,,,,,,,,,,,,,,,,,,,,
,,,,,,,,,,,,,,,,,,,,,,,
,,,,,,,,,,,,,,,,,,,,,,,
,,,,,,,,,,,,,,,,,,,,,,,
,,,,,,,,,,,,,,,,,,,,,,,
,,,,,,,,,,,,,,,,,,,,,,,
,,,,,,,,,,,,,,,,,,,,,,,
,,,,,,,,,,,,,,,,,,,,,,,
,,,,,,,,,,,,,,,,,,,,,,,
,,,,,,,,,,,,,,,,,,,,,,,
,,,,,,,,,,,,,,,,,,,,,,,
,,,,,,,,,,,,,,,,,,,,,,,
,,,,,,,,,,,,,,,,,,,,,,,
,,,,,,,,,,,,,,,,,,,,,,,
,,,,,,,,,,,,,,,,,,,,,,,
,,,,,,,,,,,,,,,,,,,,,,,
,,,,,,,,,,,,,,,,,,,,,,,
,,,,,,,,,,,,,,,,,,,,,,,
,,,,,,,,,,,,,,,,,,,,,,,
,,,,,,,,,,,,,,,,,,,,,,,
,,,,,,,,,,,,,,,,,,,,,,,
,,,,,,,,,,,,,,,,,,,,,,,
,,,,,,,,,,,,,,,,,,,,,,,
,,,,,,,,,,,,,,,,,,,,,,,
,,,,,,,,,,,,,,,,,,,,,,,
,,,,,,,,,,,,,,,,,,,,,,,
,,,,,,,,,,,,,,,,,,,,,,,
,,,,,,,,,,,,,,,,,,,,,,,
,,,,,,,,,,,,,,,,,,,,,,,
,,,,,,,,,,,,,,,,,,,,,,,
,,,,,,,,,,,,,,,,,,,,,,,
,,,,,,,,,,,,,,,,,,,,,,,
,,,,,,,,,,,,,,,,,,,,,,,
,,,,,,,,,,,,,,,,,,,,,,,
,,,,,,,,,,,,,,,,,,,,,,,
,,,,,,,,,,,,,,,,,,,,,,,
,,,,,,,,,,,,,,,,,,,,,,,
,,,,,,,,,,,,,,,,,,,,,,,
,,,,,,,,,,,,,,,,,,,,,,,
,,,,,,,,,,,,,,,,,,,,,,,
,,,,,,,,,,,,,,,,,,,,,,,
,,,,,,,,,,,,,,,,,,,,,,,
,,,,,,,,,,,,,,,,,,,,,,,
,,,,,,,,,,,,,,,,,,,,,,,
,,,,,,,,,,,,,,,,,,,,,,,
,,,,,,,,,,,,,,,,,,,,,,,
,,,,,,,,,,,,,,,,,,,,,,,
,,,,,,,,,,,,,,,,,,,,,,,
,,,,,,,,,,,,,,,,,,,,,,,
,,,,,,,,,,,,,,,,,,,,,,,
,,,,,,,,,,,,,,,,,,,,,,,
,,,,,,,,,,,,,,,,,,,,,,,
,,,,,,,,,,,,,,,,,,,,,,,
,,,,,,,,,,,,,,,,,,,,,,,
,,,,,,,,,,,,,,,,,,,,,,,
,,,,,,,,,,,,,,,,,,,,,,,
,,,,,,,,,,,,,,,,,,,,,,,
,,,,,,,,,,,,,,,,,,,,,,,
,,,,,,,,,,,,,,,,,,,,,,,
,,,,,,,,,,,,,,,,,,,,,,,
,,,,,,,,,,,,,,,,,,,,,,,
,,,,,,,,,,,,,,,,,,,,,,,
,,,,,,,,,,,,,,,,,,,,,,,
,,,,,,,,,,,,,,,,,,,,,,,
,,,,,,,,,,,,,,,,,,,,,,,
,,,,,,,,,,,,,,,,,,,,,,,
,,,,,,,,,,,,,,,,,,,,,,,
,,,,,,,,,,,,,,,,,,,,,,,
,,,,,,,,,,,,,,,,,,,,,,,
,,,,,,,,,,,,,,,,,,,,,,,
,,,,,,,,,,,,,,,,,,,,,,,
,,,,,,,,,,,,,,,,,,,,,,,
,,,,,,,,,,,,,,,,,,,,,,,
,,,,,,,,,,,,,,,,,,,,,,,
,,,,,,,,,,,,,,,,,,,,,,,
,,,,,,,,,,,,,,,,,,,,,,,
,,,,,,,,,,,,,,,,,,,,,,,
,,,,,,,,,,,,,,,,,,,,,,,
,,,,,,,,,,,,,,,,,,,,,,,
,,,,,,,,,,,,,,,,,,,,,,,
,,,,,,,,,,,,,,,,,,,,,,,
,,,,,,,,,,,,,,,,,,,,,,,
,,,,,,,,,,,,,,,,,,,,,,,
,,,,,,,,,,,,,,,,,,,,,,,
,,,,,,,,,,,,,,,,,,,,,,,
,,,,,,,,,,,,,,,,,,,,,,,
,,,,,,,,,,,,,,,,,,,,,,,
,,,,,,,,,,,,,,,,,,,,,,,
,,,,,,,,,,,,,,,,,,,,,,,
,,,,,,,,,,,,,,,,,,,,,,,
,,,,,,,,,,,,,,,,,,,,,,,
,,,,,,,,,,,,,,,,,,,,,,,
,,,,,,,,,,,,,,,,,,,,,,,
,,,,,,,,,,,,,,,,,,,,,,,
,,,,,,,,,,,,,,,,,,,,,,,
,,,,,,,,,,,,,,,,,,,,,,,
,,,,,,,,,,,,,,,,,,,,,,,
,,,,,,,,,,,,,,,,,,,,,,,
,,,,,,,,,,,,,,,,,,,,,,,
,,,,,,,,,,,,,,,,,,,,,,,
,,,,,,,,,,,,,,,,,,,,,,,
,,,,,,,,,,,,,,,,,,,,,,,
,,,,,,,,,,,,,,,,,,,,,,,
,,,,,,,,,,,,,,,,,,,,,,,
,,,,,,,,,,,,,,,,,,,,,,,
,,,,,,,,,,,,,,,,,,,,,,,
,,,,,,,,,,,,,,,,,,,,,,,
,,,,,,,,,,,,,,,,,,,,,,,
,,,,,,,,,,,,,,,,,,,,,,,
,,,,,,,,,,,,,,,,,,,,,,,
,,,,,,,,,,,,,,,,,,,,,,,
,,,,,,,,,,,,,,,,,,,,,,,
,,,,,,,,,,,,,,,,,,,,,,,
,,,,,,,,,,,,,,,,,,,,,,,
,,,,,,,,,,,,,,,,,,,,,,,
,,,,,,,,,,,,,,,,,,,,,,,
,,,,,,,,,,,,,,,,,,,,,,,
,,,,,,,,,,,,,,,,,,,,,,,
,,,,,,,,,,,,,,,,,,,,,,,
,,,,,,,,,,,,,,,,,,,,,,,
,,,,,,,,,,,,,,,,,,,,,,,
,,,,,,,,,,,,,,,,,,,,,,,
,,,,,,,,,,,,,,,,,,,,,,,
,,,,,,,,,,,,,,,,,,,,,,,
,,,,,,,,,,,,,,,,,,,,,,,
,,,,,,,,,,,,,,,,,,,,,,,
,,,,,,,,,,,,,,,,,,,,,,,
,,,,,,,,,,,,,,,,,,,,,,,
,,,,,,,,,,,,,,,,,,,,,,,
,,,,,,,,,,,,,,,,,,,,,,,
,,,,,,,,,,,,,,,,,,,,,,,
,,,,,,,,,,,,,,,,,,,,,,,
,,,,,,,,,,,,,,,,,,,,,,,
,,,,,,,,,,,,,,,,,,,,,,,
,,,,,,,,,,,,,,,,,,,,,,,
,,,,,,,,,,,,,,,,,,,,,,,
,,,,,,,,,,,,,,,,,,,,,,,
,,,,,,,,,,,,,,,,,,,,,,,
,,,,,,,,,,,,,,,,,,,,,,,
,,,,,,,,,,,,,,,,,,,,,,,
,,,,,,,,,,,,,,,,,,,,,,,
,,,,,,,,,,,,,,,,,,,,,,,
,,,,,,,,,,,,,,,,,,,,,,,
,,,,,,,,,,,,,,,,,,,,,,,
,,,,,,,,,,,,,,,,,,,,,,,
,,,,,,,,,,,,,,,,,,,,,,,
,,,,,,,,,,,,,,,,,,,,,,,
,,,,,,,,,,,,,,,,,,,,,,,
,,,,,,,,,,,,,,,,,,,,,,,
,,,,,,,,,,,,,,,,,,,,,,,
,,,,,,,,,,,,,,,,,,,,,,,
,,,,,,,,,,,,,,,,,,,,,,,
,,,,,,,,,,,,,,,,,,,,,,,
,,,,,,,,,,,,,,,,,,,,,,,
,,,,,,,,,,,,,,,,,,,,,,,
,,,,,,,,,,,,,,,,,,,,,,,
,,,,,,,,,,,,,,,,,,,,,,,
,,,,,,,,,,,,,,,,,,,,,,,
,,,,,,,,,,,,,,,,,,,,,,,
,,,,,,,,,,,,,,,,,,,,,,,
,,,,,,,,,,,,,,,,,,,,,,,
,,,,,,,,,,,,,,,,,,,,,,,
,,,,,,,,,,,,,,,,,,,,,,,
,,,,,,,,,,,,,,,,,,,,,,,
,,,,,,,,,,,,,,,,,,,,,,,
,,,,,,,,,,,,,,,,,,,,,,,
,,,,,,,,,,,,,,,,,,,,,,,
,,,,,,,,,,,,,,,,,,,,,,,
,,,,,,,,,,,,,,,,,,,,,,,
,,,,,,,,,,,,,,,,,,,,,,,
,,,,,,,,,,,,,,,,,,,,,,,
,,,,,,,,,,,,,,,,,,,,,,,
,,,,,,,,,,,,,,,,,,,,,,,
,,,,,,,,,,,,,,,,,,,,,,,
,,,,,,,,,,,,,,,,,,,,,,,
,,,,,,,,,,,,,,,,,,,,,,,
,,,,,,,,,,,,,,,,,,,,,,,
,,,,,,,,,,,,,,,,,,,,,,,
,,,,,,,,,,,,,,,,,,,,,,,
,,,,,,,,,,,,,,,,,,,,,,,
,,,,,,,,,,,,,,,,,,,,,,,
,,,,,,,,,,,,,,,,,,,,,,,
,,,,,,,,,,,,,,,,,,,,,,,
,,,,,,,,,,,,,,,,,,,,,,,
,,,,,,,,,,,,,,,,,,,,,,,
,,,,,,,,,,,,,,,,,,,,,,,
,,,,,,,,,,,,,,,,,,,,,,,
,,,,,,,,,,,,,,,,,,,,,,,
,,,,,,,,,,,,,,,,,,,,,,,
,,,,,,,,,,,,,,,,,,,,,,,
,,,,,,,,,,,,,,,,,,,,,,,
,,,,,,,,,,,,,,,,,,,,,,,
,,,,,,,,,,,,,,,,,,,,,,,
,,,,,,,,,,,,,,,,,,,,,,,
,,,,,,,,,,,,,,,,,,,,,,,
,,,,,,,,,,,,,,,,,,,,,,,
,,,,,,,,,,,,,,,,,,,,,,,
,,,,,,,,,,,,,,,,,,,,,,,
,,,,,,,,,,,,,,,,,,,,,,,
,,,,,,,,,,,,,,,,,,,,,,,
,,,,,,,,,,,,,,,,,,,,,,,
,,,,,,,,,,,,,,,,,,,,,,,
,,,,,,,,,,,,,,,,,,,,,,,
,,,,,,,,,,,,,,,,,,,,,,,
,,,,,,,,,,,,,,,,,,,,,,,
,,,,,,,,,,,,,,,,,,,,,,,
,,,,,,,,,,,,,,,,,,,,,,,
,,,,,,,,,,,,,,,,,,,,,,,
,,,,,,,,,,,,,,,,,,,,,,,
,,,,,,,,,,,,,,,,,,,,,,,
,,,,,,,,,,,,,,,,,,,,,,,
,,,,,,,,,,,,,,,,,,,,,,,
,,,,,,,,,,,,,,,,,,,,,,,
,,,,,,,,,,,,,,,,,,,,,,,
,,,,,,,,,,,,,,,,,,,,,,,
,,,,,,,,,,,,,,,,,,,,,,,
,,,,,,,,,,,,,,,,,,,,,,,
,,,,,,,,,,,,,,,,,,,,,,,
,,,,,,,,,,,,,,,,,,,,,,,
,,,,,,,,,,,,,,,,,,,,,,,
,,,,,,,,,,,,,,,,,,,,,,,
,,,,,,,,,,,,,,,,,,,,,,,
,,,,,,,,,,,,,,,,,,,,,,,
,,,,,,,,,,,,,,,,,,,,,,,
,,,,,,,,,,,,,,,,,,,,,,,
,,,,,,,,,,,,,,,,,,,,,,,
,,,,,,,,,,,,,,,,,,,,,,,
,,,,,,,,,,,,,,,,,,,,,,,
,,,,,,,,,,,,,,,,,,,,,,,
,,,,,,,,,,,,,,,,,,,,,,,
,,,,,,,,,,,,,,,,,,,,,,,
,,,,,,,,,,,,,,,,,,,,,,,
,,,,,,,,,,,,,,,,,,,,,,,
,,,,,,,,,,,,,,,,,,,,,,,
,,,,,,,,,,,,,,,,,,,,,,,
,,,,,,,,,,,,,,,,,,,,,,,
,,,,,,,,,,,,,,,,,,,,,,,
,,,,,,,,,,,,,,,,,,,,,,,
,,,,,,,,,,,,,,,,,,,,,,,
,,,,,,,,,,,,,,,,,,,,,,,
,,,,,,,,,,,,,,,,,,,,,,,
,,,,,,,,,,,,,,,,,,,,,,,
,,,,,,,,,,,,,,,,,,,,,,,
,,,,,,,,,,,,,,,,,,,,,,,
,,,,,,,,,,,,,,,,,,,,,,,
,,,,,,,,,,,,,,,,,,,,,,,
,,,,,,,,,,,,,,,,,,,,,,,
,,,,,,,,,,,,,,,,,,,,,,,
,,,,,,,,,,,,,,,,,,,,,,,
,,,,,,,,,,,,,,,,,,,,,,,
,,,,,,,,,,,,,,,,,,,,,,,
,,,,,,,,,,,,,,,,,,,,,,,
,,,,,,,,,,,,,,,,,,,,,,,
,,,,,,,,,,,,,,,,,,,,,,,
,,,,,,,,,,,,,,,,,,,,,,,
,,,,,,,,,,,,,,,,,,,,,,,
,,,,,,,,,,,,,,,,,,,,,,,
,,,,,,,,,,,,,,,,,,,,,,,
,,,,,,,,,,,,,,,,,,,,,,,
,,,,,,,,,,,,,,,,,,,,,,,
,,,,,,,,,,,,,,,,,,,,,,,
,,,,,,,,,,,,,,,,,,,,,,,
,,,,,,,,,,,,,,,,,,,,,,,
,,,,,,,,,,,,,,,,,,,,,,,
,,,,,,,,,,,,,,,,,,,,,,,
,,,,,,,,,,,,,,,,,,,,,,,
,,,,,,,,,,,,,,,,,,,,,,,
,,,,,,,,,,,,,,,,,,,,,,,
,,,,,,,,,,,,,,,,,,,,,,,
,,,,,,,,,,,,,,,,,,,,,,,
,,,,,,,,,,,,,,,,,,,,,,,
,,,,,,,,,,,,,,,,,,,,,,,
,,,,,,,,,,,,,,,,,,,,,,,
,,,,,,,,,,,,,,,,,,,,,,,
,,,,,,,,,,,,,,,,,,,,,,,
,,,,,,,,,,,,,,,,,,,,,,,
,,,,,,,,,,,,,,,,,,,,,,,
,,,,,,,,,,,,,,,,,,,,,,,
,,,,,,,,,,,,,,,,,,,,,,,
,,,,,,,,,,,,,,,,,,,,,,,
,,,,,,,,,,,,,,,,,,,,,,,
,,,,,,,,,,,,,,,,,,,,,,,
,,,,,,,,,,,,,,,,,,,,,,,
,,,,,,,,,,,,,,,,,,,,,,,
,,,,,,,,,,,,,,,,,,,,,,,
,,,,,,,,,,,,,,,,,,,,,,,
,,,,,,,,,,,,,,,,,,,,,,,
,,,,,,,,,,,,,,,,,,,,,,,
,,,,,,,,,,,,,,,,,,,,,,,
,,,,,,,,,,,,,,,,,,,,,,,
,,,,,,,,,,,,,,,,,,,,,,,
,,,,,,,,,,,,,,,,,,,,,,,
,,,,,,,,,,,,,,,,,,,,,,,
,,,,,,,,,,,,,,,,,,,,,,,
,,,,,,,,,,,,,,,,,,,,,,,
,,,,,,,,,,,,,,,,,,,,,,,
,,,,,,,,,,,,,,,,,,,,,,,
,,,,,,,,,,,,,,,,,,,,,,,
,,,,,,,,,,,,,,,,,,,,,,,
,,,,,,,,,,,,,,,,,,,,,,,
,,,,,,,,,,,,,,,,,,,,,,,
,,,,,,,,,,,,,,,,,,,,,,,
,,,,,,,,,,,,,,,,,,,,,,,
,,,,,,,,,,,,,,,,,,,,,,,
,,,,,,,,,,,,,,,,,,,,,,,
,,,,,,,,,,,,,,,,,,,,,,,
,,,,,,,,,,,,,,,,,,,,,,,
,,,,,,,,,,,,,,,,,,,,,,,
,,,,,,,,,,,,,,,,,,,,,,,
,,,,,,,,,,,,,,,,,,,,,,,
,,,,,,,,,,,,,,,,,,,,,,,
,,,,,,,,,,,,,,,,,,,,,,,
,,,,,,,,,,,,,,,,,,,,,,,
,,,,,,,,,,,,,,,,,,,,,,,
,,,,,,,,,,,,,,,,,,,,,,,
,,,,,,,,,,,,,,,,,,,,,,,
,,,,,,,,,,,,,,,,,,,,,,,
,,,,,,,,,,,,,,,,,,,,,,,
,,,,,,,,,,,,,,,,,,,,,,,
,,,,,,,,,,,,,,,,,,,,,,,
,,,,,,,,,,,,,,,,,,,,,,,
,,,,,,,,,,,,,,,,,,,,,,,
,,,,,,,,,,,,,,,,,,,,,,,
,,,,,,,,,,,,,,,,,,,,,,,
,,,,,,,,,,,,,,,,,,,,,,,
,,,,,,,,,,,,,,,,,,,,,,,
,,,,,,,,,,,,,,,,,,,,,,,
,,,,,,,,,,,,,,,,,,,,,,,
,,,,,,,,,,,,,,,,,,,,,,,
,,,,,,,,,,,,,,,,,,,,,,,
,,,,,,,,,,,,,,,,,,,,,,,
,,,,,,,,,,,,,,,,,,,,,,,
,,,,,,,,,,,,,,,,,,,,,,,
,,,,,,,,,,,,,,,,,,,,,,,
,,,,,,,,,,,,,,,,,,,,,,,
,,,,,,,,,,,,,,,,,,,,,,,
,,,,,,,,,,,,,,,,,,,,,,,
,,,,,,,,,,,,,,,,,,,,,,,
,,,,,,,,,,,,,,,,,,,,,,,
,,,,,,,,,,,,,,,,,,,,,,,
,,,,,,,,,,,,,,,,,,,,,,,
,,,,,,,,,,,,,,,,,,,,,,,
,,,,,,,,,,,,,,,,,,,,,,,
,,,,,,,,,,,,,,,,,,,,,,,
,,,,,,,,,,,,,,,,,,,,,,,
,,,,,,,,,,,,,,,,,,,,,,,
,,,,,,,,,,,,,,,,,,,,,,,
,,,,,,,,,,,,,,,,,,,,,,,
,,,,,,,,,,,,,,,,,,,,,,,
,,,,,,,,,,,,,,,,,,,,,,,
,,,,,,,,,,,,,,,,,,,,,,,
,,,,,,,,,,,,,,,,,,,,,,,
,,,,,,,,,,,,,,,,,,,,,,,
,,,,,,,,,,,,,,,,,,,,,,,
,,,,,,,,,,,,,,,,,,,,,,,
,,,,,,,,,,,,,,,,,,,,,,,
,,,,,,,,,,,,,,,,,,,,,,,
,,,,,,,,,,,,,,,,,,,,,,,
,,,,,,,,,,,,,,,,,,,,,,,
,,,,,,,,,,,,,,,,,,,,,,,
,,,,,,,,,,,,,,,,,,,,,,,
,,,,,,,,,,,,,,,,,,,,,,,
,,,,,,,,,,,,,,,,,,,,,,,
,,,,,,,,,,,,,,,,,,,,,,,
,,,,,,,,,,,,,,,,,,,,,,,
,,,,,,,,,,,,,,,,,,,,,,,
,,,,,,,,,,,,,,,,,,,,,,,
,,,,,,,,,,,,,,,,,,,,,,,
,,,,,,,,,,,,,,,,,,,,,,,
,,,,,,,,,,,,,,,,,,,,,,,
,,,,,,,,,,,,,,,,,,,,,,,
,,,,,,,,,,,,,,,,,,,,,,,
,,,,,,,,,,,,,,,,,,,,,,,
,,,,,,,,,,,,,,,,,,,,,,,
,,,,,,,,,,,,,,,,,,,,,,,
,,,,,,,,,,,,,,,,,,,,,,,
,,,,,,,,,,,,,,,,,,,,,,,
,,,,,,,,,,,,,,,,,,,,,,,
,,,,,,,,,,,,,,,,,,,,,,,
,,,,,,,,,,,,,,,,,,,,,,,
,,,,,,,,,,,,,,,,,,,,,,,
,,,,,,,,,,,,,,,,,,,,,,,
,,,,,,,,,,,,,,,,,,,,,,,
,,,,,,,,,,,,,,,,,,,,,,,
,,,,,,,,,,,,,,,,,,,,,,,
,,,,,,,,,,,,,,,,,,,,,,,
,,,,,,,,,,,,,,,,,,,,,,,
,,,,,,,,,,,,,,,,,,,,,,,
,,,,,,,,,,,,,,,,,,,,,,,
,,,,,,,,,,,,,,,,,,,,,,,
,,,,,,,,,,,,,,,,,,,,,,,
,,,,,,,,,,,,,,,,,,,,,,,
,,,,,,,,,,,,,,,,,,,,,,,
,,,,,,,,,,,,,,,,,,,,,,,
,,,,,,,,,,,,,,,,,,,,,,,
,,,,,,,,,,,,,,,,,,,,,,,
,,,,,,,,,,,,,,,,,,,,,,,
,,,,,,,,,,,,,,,,,,,,,,,
,,,,,,,,,,,,,,,,,,,,,,,
,,,,,,,,,,,,,,,,,,,,,,,
,,,,,,,,,,,,,,,,,,,,,,,
,,,,,,,,,,,,,,,,,,,,,,,
,,,,,,,,,,,,,,,,,,,,,,,
,,,,,,,,,,,,,,,,,,,,,,,
,,,,,,,,,,,,,,,,,,,,,,,
,,,,,,,,,,,,,,,,,,,,,,,
,,,,,,,,,,,,,,,,,,,,,,,
,,,,,,,,,,,,,,,,,,,,,,,
,,,,,,,,,,,,,,,,,,,,,,,
,,,,,,,,,,,,,,,,,,,,,,,
,,,,,,,,,,,,,,,,,,,,,,,
,,,,,,,,,,,,,,,,,,,,,,,
,,,,,,,,,,,,,,,,,,,,,,,
,,,,,,,,,,,,,,,,,,,,,,,
,,,,,,,,,,,,,,,,,,,,,,,
,,,,,,,,,,,,,,,,,,,,,,,
,,,,,,,,,,,,,,,,,,,,,,,
,,,,,,,,,,,,,,,,,,,,,,,
,,,,,,,,,,,,,,,,,,,,,,,
,,,,,,,,,,,,,,,,,,,,,,,
,,,,,,,,,,,,,,,,,,,,,,,
,,,,,,,,,,,,,,,,,,,,,,,
,,,,,,,,,,,,,,,,,,,,,,,
,,,,,,,,,,,,,,,,,,,,,,,
,,,,,,,,,,,,,,,,,,,,,,,
,,,,,,,,,,,,,,,,,,,,,,,
,,,,,,,,,,,,,,,,,,,,,,,
,,,,,,,,,,,,,,,,,,,,,,,
,,,,,,,,,,,,,,,,,,,,,,,
,,,,,,,,,,,,,,,,,,,,,,,
Data from database: World Development Indicators,,,,,,,,,,,,,,,,,,,,,,,
Last Updated: 09/16/2022,,,,,,,,,,,,,,,,,,,,,,,
